model,split,year,period,actual,pool20,excluded6,success6
original,validation,2026,147,13,25 17 46 22 40 1 38 7 48 12 18 21 24 15 20 10 2 23 35 14,25 17 46 22 40 1,1
original,validation,2026,148,48,25 17 20 22 46 1 24 40 7 5 38 48 12 21 15 32 19 14 23 35,25 17 20 22 46 1,1
original,validation,2026,149,27,20 17 25 22 40 46 1 24 7 38 5 48 10 8 12 21 15 18 14 19,20 17 25 22 40 46,1
original,validation,2026,150,9,24 17 1 25 20 46 22 7 40 5 38 48 23 8 10 12 21 15 14 35,24 17 1 25 20 46,1
original,validation,2026,151,31,46 20 24 17 1 25 10 40 5 7 38 22 45 6 8 12 21 9 15 14,46 20 24 17 1 25,1
original,validation,2026,152,45,17 46 25 24 1 22 8 10 20 40 7 5 34 44 38 2 12 32 19 45,17 46 25 24 1 22,1
original,validation,2026,153,41,17 1 46 24 20 25 8 22 10 15 45 7 21 5 40 2 26 12 32 38,17 1 46 24 20 25,1
original,validation,2026,154,41,46 17 1 24 25 20 8 2 26 34 32 10 22 7 21 44 5 15 12 35,46 17 1 24 25 20,1
original,validation,2026,155,7,1 46 26 24 17 25 20 8 2 22 32 40 38 7 21 10 44 33 15 35,1 46 26 24 17 25,1
original,validation,2026,156,1,1 25 26 46 24 17 32 20 8 2 22 34 18 5 7 10 44 36 15 33,1 25 26 46 24 17,0
original,validation,2026,157,40,32 25 26 17 8 46 2 20 1 21 24 22 18 5 38 35 34 14 36 15,32 25 26 17 8 46,1
original,validation,2026,158,16,32 18 26 46 2 20 8 24 21 25 22 17 40 5 38 35 36 15 12 1,32 18 26 46 2 20,1
original,validation,2026,159,39,24 32 18 17 26 25 8 20 46 2 22 10 21 5 35 36 38 15 34 19,24 32 18 17 26 25,1
original,validation,2026,160,2,32 24 18 26 8 20 2 25 22 10 5 35 21 36 38 45 15 44 14 6,32 24 18 26 8 20,1
original,validation,2026,161,8,20 32 24 18 22 25 44 4 2 46 19 17 8 10 26 35 21 36 38 15,20 32 24 18 22 25,1
original,validation,2026,162,32,20 24 18 22 32 8 26 44 25 15 4 29 17 10 35 38 19 45 14 2,20 24 18 22 32 8,0
original,validation,2026,163,37,20 44 32 24 22 18 36 46 1 30 25 17 4 29 19 26 45 8 34 15,20 44 32 24 22 18,1
original,validation,2026,164,21,20 24 22 18 44 1 30 46 32 25 26 36 17 4 29 45 19 6 34 15,20 24 22 18 44 1,1
original,validation,2026,165,3,20 24 1 18 22 34 25 30 32 44 17 36 26 29 45 46 6 33 19 28,20 24 1 18 22 34,1
original,validation,2026,166,6,20 46 24 30 22 34 4 25 18 32 44 1 36 29 26 6 17 19 28 15,20 46 24 30 22 34,1
original,validation,2026,167,19,46 20 30 6 22 34 24 25 18 32 1 26 29 44 31 36 19 47 45 38,46 20 30 6 22 34,1
original,validation,2026,168,15,46 20 25 31 1 10 22 34 30 26 17 18 4 19 28 24 44 29 15 36,46 20 25 31 1 10,1
original,validation,2026,169,24,1 25 46 20 31 15 10 34 30 17 18 26 4 22 48 28 44 29 36 43,1 25 46 20 31 15,1
original,validation,2026,170,3,46 20 17 25 4 31 24 28 1 18 10 34 12 26 22 11 44 29 43 30,46 20 17 25 4 31,1
original,validation,2026,171,28,1 30 20 46 17 25 26 22 31 29 28 44 16 4 18 12 11 43 8 3,1 30 20 46 17 25,1
original,validation,2026,172,44,20 46 1 28 25 26 30 29 22 17 34 31 18 16 44 4 12 36 33 19,20 46 1 28 25 26,1
original,validation,2026,173,26,46 20 26 31 1 25 30 33 29 17 22 44 23 24 16 4 40 36 18 32,46 20 26 31 1 25,0
original,validation,2026,174,41,46 20 26 1 31 33 30 16 37 17 40 22 8 28 29 23 7 4 34 24,46 20 26 1 31 33,1
original,validation,2026,175,26,46 16 20 1 40 30 4 33 17 31 12 37 23 41 7 19 11 44 22 29,46 16 20 1 40 30,1
original,validation,2026,176,10,46 1 16 20 40 30 4 11 17 31 12 8 33 23 7 29 26 34 44 37,46 1 16 20 40 30,1
original,validation,2026,177,14,46 1 4 20 28 16 40 29 7 17 10 25 30 33 12 11 23 8 31 42,46 1 4 20 28 16,1
original,validation,2026,178,18,1 46 4 20 7 11 23 30 16 28 40 17 31 33 12 42 8 25 3 36,1 46 4 20 7 11,1
original,validation,2026,179,15,1 46 11 20 40 4 7 33 16 17 30 23 12 5 28 21 42 19 25 15,1 46 11 20 40 4,1
original,validation,2026,180,21,1 46 40 11 17 7 22 30 33 20 16 44 8 4 23 15 24 12 37 42,1 46 40 11 17 7,1
original,validation,2026,181,19,46 1 11 40 20 17 7 33 16 8 30 23 6 22 12 24 34 3 21 37,46 1 11 40 20 17,1
original,validation,2026,182,41,46 1 40 11 30 20 24 7 31 33 38 37 16 23 8 12 49 17 3 22,46 1 40 11 30 20,1
original,validation,2026,183,24,46 40 1 11 8 37 34 24 20 30 7 17 42 28 31 38 23 33 12 45,46 40 1 11 8 37,1
original,validation,2026,184,1,46 40 24 1 11 16 39 8 45 20 7 34 31 30 17 42 37 6 28 12,46 40 24 1 11 16,0
original,validation,2026,185,36,46 40 1 37 8 42 11 34 3 39 23 45 16 28 30 12 20 7 17 6,46 40 1 37 8 42,1
original,validation,2026,186,23,46 11 40 7 20 8 28 42 37 1 34 12 39 30 3 23 16 45 36 25,46 11 40 7 20 8,1
original,validation,2026,187,1,30 46 40 7 11 8 28 1 23 20 12 42 34 39 38 45 31 37 33 41,30 46 40 7 11 8,1
original,validation,2026,188,16,1 40 30 46 7 8 28 20 42 5 11 34 2 39 29 33 45 44 16 38,1 40 30 46 7 8,1
original,validation,2026,189,15,46 40 30 7 8 28 16 44 22 20 34 11 42 2 31 17 39 27 33 45,46 40 30 7 8 28,1
original,validation,2026,190,16,40 46 30 7 11 31 8 1 39 44 28 26 22 6 42 2 34 5 33 27,40 46 30 7 11 31,1
original,validation,2026,191,29,40 30 7 31 46 11 2 39 44 10 8 28 38 45 20 6 42 34 49 22,40 30 7 31 46 11,1
original,validation,2026,192,25,46 30 40 7 6 8 31 11 2 29 34 44 28 10 38 37 45 17 49 20,46 30 40 7 6 8,1
original,validation,2026,193,9,39 40 46 30 31 11 7 8 2 6 34 28 44 19 10 26 49 17 38 22,39 40 46 30 31 11,1
original,validation,2026,194,26,30 46 8 39 37 40 9 31 6 2 34 7 28 11 44 42 24 19 17 1,30 46 8 39 37 40,1
original,validation,2026,195,25,11 46 40 8 39 2 37 44 24 31 49 45 30 6 20 7 28 42 1 26,11 46 40 8 39 2,1
original,validation,2026,196,39,30 11 40 34 8 44 37 31 21 24 46 6 2 20 45 15 7 22 28 49,30 11 40 34 8 44,1
original,validation,2026,197,8,30 46 39 11 40 6 34 8 44 22 9 31 23 17 2 7 45 42 21 49,30 46 39 11 40 6,1
original,validation,2026,198,7,6 22 8 31 9 30 23 46 37 24 34 44 41 17 2 11 42 1 27 40,6 22 8 31 9 30,1
original,validation,2026,199,36,30 44 6 22 1 31 38 40 28 9 7 23 46 5 37 34 42 2 10 41,30 44 6 22 1 31,1
original,validation,2026,200,39,6 30 38 1 31 44 37 22 15 28 9 20 23 46 36 12 34 40 24 2,6 30 38 1 31 44,1
original,validation,2026,201,32,38 37 30 1 6 31 42 44 22 15 17 28 9 23 45 12 40 49 2 24,38 37 30 1 6 31,1
original,validation,2026,202,40,37 30 6 1 16 29 44 22 15 24 43 5 9 23 17 42 31 32 2 12,37 30 6 1 16 29,1
original,validation,2026,203,25,37 30 1 31 44 6 38 16 29 22 28 19 24 9 43 5 23 40 17 27,37 30 1 31 44 6,1
original,validation,2026,204,5,30 1 29 45 9 37 2 38 49 15 22 16 28 24 19 6 23 44 43 5,30 1 29 45 9 37,1
original,validation,2026,205,3,30 37 1 29 22 44 45 9 15 2 31 38 5 49 16 41 24 6 23 19,30 37 1 29 22 44,1
original,validation,2026,206,47,37 9 26 1 30 22 44 23 2 45 19 29 15 31 49 38 46 16 3 41,37 9 26 1 30 22,1
original,evaluation,2026,207,31,30 19 26 37 1 10 41 9 24 44 23 22 45 29 46 2 39 16 15 6,30 19 26 37 1 10,1
original,evaluation,2026,208,19,30 37 19 10 41 24 22 1 29 45 9 31 14 46 49 16 23 44 15 6,30 37 19 10 41 24,0
original,evaluation,2026,209,8,30 14 41 37 27 6 24 2 4 10 22 9 18 34 43 49 44 16 48 8,30 14 41 37 27 6,1
original,evaluation,2026,210,49,30 48 49 41 37 27 45 24 2 4 42 6 18 10 34 43 14 9 8 38,30 48 49 41 37 27,0
original,evaluation,2026,211,1,45 24 30 29 43 22 41 14 38 46 49 4 27 2 6 21 1 34 10 5,45 24 30 29 43 22,1
original,evaluation,2026,212,6,46 45 19 24 30 43 29 41 22 42 14 48 4 38 27 2 10 20 18 21,46 45 19 24 30 43,1
original,evaluation,2026,213,35,45 38 41 46 30 21 24 29 22 42 4 14 2 48 19 15 10 20 18 37,45 38 41 46 30 21,1
original,evaluation,2026,214,4,45 24 41 38 19 46 30 43 21 29 27 37 4 44 14 48 2 20 10 18,45 24 41 38 19 46,1
original,evaluation,2026,215,14,45 41 24 19 46 10 21 4 37 11 14 12 22 5 48 26 2 18 44 42,45 41 24 19 46 10,1
original,evaluation,2026,216,37,45 24 41 46 10 29 21 12 17 28 37 43 14 2 11 26 48 22 5 44,45 24 41 46 10 29,1
original,evaluation,2026,217,26,24 11 37 46 10 45 3 21 30 12 19 28 29 49 41 2 17 43 26 48,24 11 37 46 10 45,1
original,evaluation,2026,218,17,45 41 24 46 26 10 3 21 44 28 19 23 31 49 29 2 9 18 17 37,45 41 24 46 26 10,1
original,evaluation,2026,219,43,45 28 24 41 48 3 10 7 19 21 44 11 49 40 17 31 29 35 23 34,45 28 24 41 48 3,1
original,evaluation,2026,220,48,21 45 44 28 24 23 46 48 3 10 19 2 49 40 35 5 11 9 26 15,21 45 44 28 24 23,1
original,evaluation,2026,221,1,48 21 44 45 40 28 24 23 15 46 3 49 10 41 37 16 42 19 17 2,48 21 44 45 40 28,1
original,evaluation,2026,222,26,21 37 45 40 44 23 15 3 49 10 41 42 28 24 17 16 29 2 19 5,21 37 45 40 44 23,1
original,evaluation,2026,223,23,21 28 24 40 16 37 44 19 45 23 15 39 3 10 48 46 41 42 17 29,21 28 24 40 16 37,1
original,evaluation,2026,224,9,15 9 37 40 23 16 28 19 24 5 39 3 48 45 35 12 10 49 17 21,15 9 37 40 23 16,0
original,evaluation,2026,225,1,9 15 21 40 44 37 28 12 24 5 45 29 31 16 39 48 19 46 43 3,9 15 21 40 44 37,1
original,evaluation,2026,226,17,15 40 37 28 21 30 44 12 24 11 5 13 45 1 9 16 19 29 48 3,15 40 37 28 21 30,1
original,evaluation,2026,227,16,44 45 37 40 15 28 30 19 21 12 5 39 13 17 24 10 16 41 9 32,44 45 37 40 15 28,1
original,evaluation,2026,228,23,11 12 30 44 45 37 15 40 21 42 16 28 5 39 19 41 9 32 35 10,11 12 30 44 45 37,1
original,evaluation,2026,229,38,11 13 30 12 44 15 23 37 40 45 42 46 5 28 7 39 21 19 31 41,11 13 30 12 44 15,1
original,evaluation,2026,230,16,30 12 44 31 37 41 40 22 15 46 28 38 45 39 11 42 21 19 5 9,30 12 44 31 37 41,1
original,evaluation,2026,231,20,12 39 15 30 11 44 13 37 31 41 7 40 22 45 16 42 21 25 46 19,12 39 15 30 11 44,1
original,evaluation,2026,232,42,12 30 15 28 39 44 37 41 40 22 48 24 31 7 45 32 42 21 46 9,12 30 15 28 39 44,1
original,evaluation,2026,233,7,39 12 40 30 28 44 15 37 41 11 42 27 22 24 48 14 31 32 7 13,39 12 40 30 28 44,1
original,evaluation,2026,234,39,39 12 44 40 30 28 15 21 27 22 37 46 43 48 24 7 32 11 38 14,39 12 44 40 30 28,0
original,evaluation,2026,235,32,39 44 12 40 41 5 28 36 21 15 22 30 24 18 43 32 48 27 45 9,39 44 12 40 41 5,1
original,evaluation,2026,236,11,19 30 40 25 12 37 41 5 15 36 28 44 32 34 39 22 24 38 27 43,19 30 40 25 12 37,1
original,evaluation,2026,237,12,44 19 27 38 30 12 25 40 21 41 5 36 37 15 28 11 22 1 39 34,44 19 27 38 30 12,0
original,evaluation,2026,238,17,31 24 44 19 27 12 21 1 15 38 9 5 40 39 30 29 37 43 28 42,31 24 44 19 27 12,1
original,evaluation,2026,239,5,19 38 31 29 24 36 27 41 25 18 1 15 5 39 8 30 9 40 37 43,19 38 31 29 24 36,1
original,evaluation,2026,240,27,38 19 15 31 29 8 27 36 41 24 44 5 18 25 13 1 21 33 30 9,38 19 15 31 29 8,1
original,evaluation,2026,241,49,19 15 38 27 1 31 8 16 41 24 43 36 29 25 39 9 3 44 40 18,19 15 38 27 1 31,1
original,evaluation,2026,242,9,1 8 19 15 38 31 39 16 23 28 13 24 49 36 25 43 3 9 2 11,1 8 19 15 38 31,1
original,evaluation,2026,243,21,1 8 19 38 15 39 9 16 24 31 28 41 10 36 45 25 3 6 23 40,1 8 19 38 15 39,1
original,evaluation,2026,244,46,8 1 31 19 38 41 15 29 13 18 39 16 28 10 36 5 3 25 49 6,8 1 31 19 38 41,1
original,evaluation,2026,245,18,19 8 1 39 31 24 25 38 41 15 46 13 18 16 29 7 4 10 28 3,19 8 1 39 31 24,1
original,evaluation,2026,246,30,19 1 8 3 39 40 18 31 15 24 25 41 16 38 29 7 32 28 10 4,19 1 8 3 39 40,1
original,evaluation,2026,247,40,8 19 38 39 1 3 40 15 31 26 25 30 37 41 16 11 7 29 28 4,8 19 38 39 1 3,1
original,evaluation,2026,248,20,1 19 26 41 25 8 40 39 16 6 15 36 10 14 32 31 24 37 18 38,1 19 26 41 25 8,1
original,evaluation,2026,249,23,1 41 25 19 8 16 3 15 4 6 39 26 36 7 32 20 31 10 40 44,1 41 25 19 8 16,1
original,evaluation,2026,250,14,39 1 25 19 7 8 16 15 6 23 3 4 41 47 32 49 36 31 10 26,39 1 25 19 7 8,1
original,evaluation,2026,251,30,26 1 41 25 19 36 8 7 16 15 14 3 4 6 32 28 37 31 44 39,26 1 41 25 19 36,1
original,evaluation,2026,252,22,1 41 26 37 7 19 39 36 8 25 16 15 47 49 21 3 4 32 44 28,1 41 26 37 7 19,1
original,evaluation,2026,253,16,26 1 8 25 7 19 32 37 16 15 36 39 41 35 47 21 49 3 31 4,26 1 8 25 7 19,1
original,evaluation,2026,254,2,26 1 8 25 41 16 19 7 21 37 15 36 32 39 48 47 24 31 4 3,26 1 8 25 41 16,1
original,evaluation,2026,255,44,1 15 8 25 26 7 19 21 3 37 28 5 32 17 39 36 41 9 2 24,1 15 8 25 26 7,1
original,evaluation,2026,256,1,1 26 44 15 8 25 16 21 19 3 37 32 17 23 28 7 5 35 14 41,1 26 44 15 8 25,0
original,evaluation,2026,257,7,1 16 26 23 44 32 17 21 14 25 2 8 19 24 5 39 36 40 20 18,1 16 26 23 44 32,1
original,evaluation,2026,258,46,1 7 16 3 26 23 9 40 32 17 21 25 14 15 44 2 19 24 4 5,1 7 16 3 26 23,1
original,evaluation,2026,259,22,1 46 16 26 14 7 23 32 8 17 25 21 9 2 40 44 15 39 27 49,1 46 16 26 14 7,1
original,evaluation,2026,260,20,1 26 23 21 22 16 14 3 7 32 17 46 25 2 8 9 40 44 20 41,1 26 23 21 22 16,1
original,evaluation,2026,261,24,1 16 23 20 17 26 21 14 3 32 7 19 36 46 22 37 8 30 9 49,1 16 23 20 17 26,1
original,evaluation,2026,262,30,1 26 24 16 32 23 17 14 21 20 9 3 7 19 8 44 37 36 30 22,1 26 24 16 32 23,1
original,evaluation,2026,263,9,1 26 16 30 23 14 17 24 25 21 41 9 32 20 3 48 29 8 43 37,1 26 16 30 23 14,1
original,evaluation,2026,264,21,1 9 16 26 23 14 20 17 41 32 24 21 7 25 15 30 48 18 49 42,1 9 16 26 23 14,1
original,evaluation,2026,265,49,16 1 26 21 14 9 17 20 23 41 2 32 42 15 18 4 7 49 35 28,16 1 26 21 14 9,1
original,evaluation,2026,266,8,16 1 49 14 9 20 17 41 32 26 21 24 39 2 42 10 18 31 15 4,16 1 49 14 9 20,1
ema-0.95,validation,2026,147,13,17 25 40 22 46 1 12 38 48 23 35 14 9 10 15 21 7 39 2 24,17 25 40 22 46 1,1
ema-0.95,validation,2026,148,48,17 25 20 22 1 5 12 24 7 40 46 38 48 14 9 23 15 35 19 21,17 25 20 22 1 5,1
ema-0.95,validation,2026,149,27,20 17 22 25 40 46 38 1 12 7 5 48 24 8 10 14 9 15 35 21,20 17 22 25 40 46,1
ema-0.95,validation,2026,150,9,24 1 17 25 22 46 20 40 38 7 12 5 48 23 8 14 10 9 15 35,24 1 17 25 22 46,1
ema-0.95,validation,2026,151,31,46 1 17 24 20 10 40 38 6 25 12 5 9 7 8 14 22 15 45 35,46 1 17 24 20 10,1
ema-0.95,validation,2026,152,45,17 46 24 25 1 8 22 10 34 40 12 38 5 2 7 14 6 20 44 19,17 46 24 25 1 8,1
ema-0.95,validation,2026,153,41,17 46 1 24 8 25 20 10 15 22 21 12 2 40 35 5 45 7 38 6,17 46 1 24 8 25,1
ema-0.95,validation,2026,154,41,46 17 24 1 2 8 25 34 20 26 10 32 22 21 12 35 5 7 15 14,46 17 24 1 2 8,1
ema-0.95,validation,2026,155,7,1 17 46 26 24 2 8 22 25 20 21 38 32 40 10 7 35 33 15 39,1 17 46 26 24 2,1
ema-0.95,validation,2026,156,1,1 25 17 26 24 46 32 2 8 22 20 18 34 5 10 35 7 36 33 15,1 25 17 26 24 46,0
ema-0.95,validation,2026,157,40,46 1 25 17 26 20 32 24 2 8 5 22 21 18 34 35 36 40 33 38,46 1 25 17 26 20,1
ema-0.95,validation,2026,158,16,46 18 32 20 26 24 2 17 40 25 5 1 22 8 21 6 12 35 34 36,46 18 32 20 26 24,1
ema-0.95,validation,2026,159,39,24 17 46 25 18 32 26 20 5 22 10 2 8 6 35 21 34 36 1 19,24 17 46 25 18 32,1
ema-0.95,validation,2026,160,2,24 18 32 26 20 25 5 22 2 8 1 46 10 17 44 6 35 45 36 30,24 18 32 26 20 25,1
ema-0.95,validation,2026,161,8,20 24 22 18 32 25 46 17 44 2 4 19 10 26 5 35 8 6 45 36,20 24 22 18 32 25,1
ema-0.95,validation,2026,162,32,20 24 22 18 8 26 44 32 29 17 25 4 15 10 35 5 6 30 45 46,20 24 22 18 8 26,1
ema-0.95,validation,2026,163,37,20 44 22 32 18 24 36 25 17 29 4 30 19 46 45 15 34 1 10 5,20 44 22 32 18 24,1
ema-0.95,validation,2026,164,21,20 24 22 18 44 1 6 25 17 36 4 29 30 19 46 45 15 32 26 34,20 24 22 18 44 1,1
ema-0.95,validation,2026,165,3,20 24 22 18 34 1 6 25 17 36 29 30 44 45 19 15 28 32 26 10,20 24 22 18 34 1,1
ema-0.95,validation,2026,166,6,20 46 30 24 22 34 18 6 25 4 29 36 44 17 15 28 19 32 45 38,20 46 30 24 22 34,1
ema-0.95,validation,2026,167,19,46 30 22 6 20 34 18 25 24 29 44 36 19 32 45 31 47 26 38 17,46 30 22 6 20 34,1
ema-0.95,validation,2026,168,15,46 25 20 22 30 31 17 10 34 18 26 29 1 19 44 28 36 4 45 15,46 25 20 22 30 31,1
ema-0.95,validation,2026,169,24,25 46 1 31 30 20 17 10 34 18 22 15 48 26 29 44 36 45 43 28,25 46 1 31 30 20,1
ema-0.95,validation,2026,170,3,46 20 17 25 31 28 4 18 24 1 12 10 34 26 29 22 11 43 48 30,46 20 17 25 31 28,1
ema-0.95,validation,2026,171,28,30 17 1 26 25 29 22 16 31 20 28 46 44 18 12 4 43 11 48 10,30 17 1 26 25 29,1
ema-0.95,validation,2026,172,44,20 46 1 30 28 26 29 17 25 16 22 34 18 31 12 36 4 44 33 11,20 46 1 30 28 26,1
ema-0.95,validation,2026,173,26,46 26 20 31 30 1 29 17 33 25 16 22 23 44 36 4 12 18 24 40,46 26 20 31 30 1,0
ema-0.95,validation,2026,174,41,46 26 20 33 30 31 17 1 29 25 22 10 23 16 4 7 34 8 12 36,46 26 20 33 30 31,1
ema-0.95,validation,2026,175,26,46 20 16 4 30 17 1 12 33 25 23 31 29 10 40 43 22 7 26 19,46 20 16 4 30 17,1
ema-0.95,validation,2026,176,10,46 1 20 4 16 17 12 11 33 23 30 31 10 40 26 29 22 34 8 25,46 1 20 4 16 17,1
ema-0.95,validation,2026,177,14,1 46 4 20 10 17 29 25 12 16 33 23 28 7 11 42 40 21 49 34,1 46 4 20 10 17,1
ema-0.95,validation,2026,178,18,46 1 4 20 23 11 7 17 12 16 33 30 25 28 42 36 31 29 40 3,46 1 4 20 23 11,1
ema-0.95,validation,2026,179,15,1 11 46 20 4 33 7 23 40 12 17 16 5 30 25 48 42 36 29 3,1 11 46 20 4 33,1
ema-0.95,validation,2026,180,21,1 46 40 11 17 33 20 22 7 4 23 30 12 16 8 24 44 25 48 5,1 46 40 11 17 33,1
ema-0.95,validation,2026,181,19,46 1 11 20 40 33 17 7 23 12 4 16 22 8 34 24 3 27 38 5,46 1 11 20 40 33,1
ema-0.95,validation,2026,182,41,46 1 40 11 20 24 33 38 7 23 30 31 12 16 37 22 42 8 4 3,46 1 40 11 20 24,1
ema-0.95,validation,2026,183,24,46 40 1 11 20 8 42 34 38 37 33 24 7 17 23 28 30 31 12 4,46 40 1 11 20 8,1
ema-0.95,validation,2026,184,1,46 40 24 1 11 20 8 34 45 42 16 7 39 17 12 31 38 33 30 23,46 40 24 1 11 20,0
ema-0.95,validation,2026,185,36,46 40 1 8 34 42 11 20 37 45 3 39 7 23 16 28 12 17 33 38,46 40 1 8 34 42,1
ema-0.95,validation,2026,186,23,46 40 7 11 8 20 28 34 1 42 25 45 30 12 3 16 39 24 23 17,46 40 7 11 8 20,1
ema-0.95,validation,2026,187,1,46 40 30 7 8 20 1 28 11 38 42 34 23 12 45 25 39 33 31 4,46 40 30 7 8 20,1
ema-0.95,validation,2026,188,16,1 40 46 30 7 8 28 20 34 42 11 38 5 45 44 2 39 33 29 4,1 40 46 30 7 8,1
ema-0.95,validation,2026,189,15,46 40 7 30 8 28 44 20 16 22 34 1 17 11 42 31 38 45 2 39,46 40 7 30 8 28,1
ema-0.95,validation,2026,190,16,40 46 7 30 8 11 1 31 39 44 28 26 22 34 42 6 2 19 5 33,40 46 7 30 8 11,1
ema-0.95,validation,2026,191,29,40 30 46 7 11 31 2 8 38 39 44 28 10 20 1 45 22 34 42 6,40 30 46 7 11 31,1
ema-0.95,validation,2026,192,25,46 40 30 7 8 11 31 6 2 34 29 44 38 28 10 20 1 45 39 17,46 40 30 7 8 11,1
ema-0.95,validation,2026,193,9,40 39 46 30 7 8 31 11 2 34 6 44 28 19 10 38 45 17 20 15,40 39 46 30 7 8,1
ema-0.95,validation,2026,194,26,46 30 40 8 39 37 31 9 7 34 6 2 11 44 28 24 1 42 19 38,46 30 40 8 39 37,1
ema-0.95,validation,2026,195,25,11 46 40 8 44 39 24 37 30 2 31 20 45 49 7 6 1 34 28 42,11 46 40 8 44 39,1
ema-0.95,validation,2026,196,39,30 40 11 46 34 8 44 24 31 37 20 21 45 7 6 15 22 2 39 28,30 40 11 46 34 8,1
ema-0.95,validation,2026,197,8,30 46 40 39 11 6 44 8 22 34 31 23 9 7 17 45 2 20 24 42,30 46 40 39 11 6,1
ema-0.95,validation,2026,198,7,46 22 30 8 40 6 24 34 31 23 37 38 44 11 1 17 9 45 19 2,46 22 30 8 40 6,1
ema-0.95,validation,2026,199,36,30 40 44 46 22 38 1 6 19 31 34 23 37 7 10 28 9 5 17 11,30 40 44 46 22 38,1
ema-0.95,validation,2026,200,39,38 30 46 1 6 44 40 22 37 19 31 20 24 34 15 23 12 10 28 9,38 30 46 1 6 44,1
ema-0.95,validation,2026,201,32,38 37 30 1 46 19 22 44 45 31 42 40 6 17 15 23 24 12 20 10,38 37 30 1 46 19,1
ema-0.95,validation,2026,202,40,37 30 1 29 44 24 22 6 38 45 5 15 17 23 19 31 43 16 40 42,37 30 1 29 44 24,1
ema-0.95,validation,2026,203,25,30 37 1 38 44 19 31 46 29 6 40 22 24 28 5 23 17 16 43 10,30 37 1 38 44 19,1
ema-0.95,validation,2026,204,5,30 1 45 29 38 37 19 15 46 9 2 22 44 24 49 23 28 17 5 11,30 1 45 29 38 37,1
ema-0.95,validation,2026,205,3,30 37 44 45 29 1 22 38 15 31 19 5 9 2 46 24 49 23 6 41,30 37 44 45 29 1,1
ema-0.95,validation,2026,206,47,37 30 26 19 9 1 22 46 45 44 38 23 15 29 31 2 24 10 3 49,37 30 26 19 9 1,1
ema-0.95,evaluation,2026,207,31,30 19 37 10 1 26 45 24 46 44 22 23 9 29 41 38 15 11 2 39,30 19 37 10 1 26,1
ema-0.95,evaluation,2026,208,19,30 37 19 10 24 45 46 22 1 29 41 9 31 23 44 38 15 26 49 11,30 37 19 10 24 45,0
ema-0.95,evaluation,2026,209,8,19 30 37 24 9 45 10 44 1 29 26 41 22 46 38 48 15 23 14 49,19 30 37 24 9 45,1
ema-0.95,evaluation,2026,210,49,30 37 45 24 19 48 38 23 9 49 1 10 15 41 29 46 42 22 26 7,30 37 45 24 19 48,1
ema-0.95,evaluation,2026,211,1,45 30 24 29 46 22 38 19 49 23 9 37 1 5 21 41 44 14 43 39,45 30 24 29 46 22,1
ema-0.95,evaluation,2026,212,6,19 45 46 30 24 38 22 29 48 1 42 9 23 41 5 15 21 43 44 14,19 45 46 30 24 38,1
ema-0.95,evaluation,2026,213,35,45 38 46 30 19 41 37 21 24 29 22 15 48 42 5 14 44 10 23 4,45 38 46 30 19 41,1
ema-0.95,evaluation,2026,214,4,19 45 38 24 37 46 30 41 21 44 43 29 48 27 25 16 14 35 10 11,19 45 38 24 37 46,1
ema-0.95,evaluation,2026,215,14,45 19 46 24 37 41 12 21 10 5 1 38 22 44 4 11 26 48 30 15,45 19 46 24 37 41,1
ema-0.95,evaluation,2026,216,37,45 46 12 24 29 37 21 10 19 41 17 5 28 11 22 43 30 44 26 14,45 46 12 24 29 37,0
ema-0.95,evaluation,2026,217,26,37 19 45 11 30 24 46 12 3 21 10 38 29 28 41 26 17 43 48 49,37 19 45 11 30 24,1
ema-0.95,evaluation,2026,218,17,45 19 26 41 24 44 46 37 3 10 21 31 29 23 28 9 17 1 48 38,45 19 26 41 24 44,1
ema-0.95,evaluation,2026,219,43,45 19 28 24 41 44 7 11 48 37 3 30 40 21 46 12 17 23 31 10,45 19 28 24 41 44,1
ema-0.95,evaluation,2026,220,48,45 44 46 21 23 19 28 24 48 3 40 30 11 37 10 5 15 2 9 26,45 44 46 21 23 19,1
ema-0.95,evaluation,2026,221,1,48 45 44 21 40 23 28 24 15 46 19 37 41 3 49 16 7 11 30 42,48 45 44 21 40 23,1
ema-0.95,evaluation,2026,222,26,37 45 21 40 44 23 15 3 49 41 19 12 28 39 10 29 24 42 11 30,37 45 21 40 44 23,1
ema-0.95,evaluation,2026,223,23,28 21 40 19 24 37 44 39 45 23 15 16 48 46 3 41 10 12 42 29,28 21 40 19 24 37,1
ema-0.95,evaluation,2026,224,9,15 9 40 28 19 37 23 24 12 5 39 16 45 21 3 48 49 35 41 22,15 9 40 28 19 37,0
ema-0.95,evaluation,2026,225,1,9 15 21 40 37 44 28 24 12 5 16 45 39 31 3 29 35 48 19 41,9 15 21 40 37 44,1
ema-0.95,evaluation,2026,226,17,15 40 37 21 30 28 44 24 5 12 16 13 45 11 3 9 35 1 48 19,15 40 37 21 30 28,1
ema-0.95,evaluation,2026,227,16,44 45 37 15 40 30 21 28 19 12 5 39 16 41 13 24 32 35 17 10,44 45 37 15 40 30,1
ema-0.95,evaluation,2026,228,23,12 11 30 37 44 15 45 16 21 40 42 5 39 41 28 19 32 35 9 10,12 11 30 37 44 15,1
ema-0.95,evaluation,2026,229,38,13 30 11 44 12 15 37 23 40 45 42 5 7 39 41 28 21 46 19 32,13 30 11 44 12 15,1
ema-0.95,evaluation,2026,230,16,30 12 44 41 37 31 40 22 15 39 28 45 21 42 46 5 32 19 43 26,30 12 44 41 37 31,1
ema-0.95,evaluation,2026,231,20,12 39 15 30 44 13 41 11 37 7 31 40 22 16 45 42 25 21 19 9,12 39 15 30 44 13,1
ema-0.95,evaluation,2026,232,42,12 30 15 39 28 44 41 37 48 40 24 7 22 32 31 45 42 21 9 36,12 30 15 39 28 44,1
ema-0.95,evaluation,2026,233,7,39 12 40 30 44 28 41 37 15 27 42 48 22 11 24 32 14 7 31 13,39 12 40 30 44 28,1
ema-0.95,evaluation,2026,234,39,39 12 44 40 30 28 15 21 27 37 48 43 22 32 24 7 41 14 46 25,39 12 44 40 30 28,0
ema-0.95,evaluation,2026,235,32,39 44 12 41 40 5 18 28 15 36 21 27 30 48 43 9 22 32 24 25,39 44 12 41 40 5,1
ema-0.95,evaluation,2026,236,11,19 40 25 41 30 12 37 5 39 15 36 44 27 32 38 18 48 43 22 9,19 40 25 41 30 12,1
ema-0.95,evaluation,2026,237,12,44 27 38 19 25 41 12 21 40 30 5 36 39 1 15 37 18 43 22 11,44 27 38 19 25 41,1
ema-0.95,evaluation,2026,238,17,27 38 31 12 19 44 24 29 21 30 1 40 39 15 5 43 22 18 37 9,27 38 31 12 19 44,1
ema-0.95,evaluation,2026,239,5,38 19 29 31 27 18 24 36 41 25 30 8 1 15 39 5 43 12 22 40,38 19 29 31 27 18,1
ema-0.95,evaluation,2026,240,27,38 19 29 15 31 8 27 18 13 24 36 44 41 30 1 25 5 33 40 12,38 19 29 15 31 8,1
ema-0.95,evaluation,2026,241,49,38 19 27 29 31 8 15 18 13 24 43 36 1 47 41 30 49 25 44 33,38 19 27 29 31 8,1
ema-0.95,evaluation,2026,242,9,38 8 19 13 31 1 15 28 18 11 24 39 49 29 36 43 23 30 25 2,38 8 19 13 31 1,1
ema-0.95,evaluation,2026,243,21,38 8 19 1 15 29 10 28 18 11 24 13 31 36 45 39 46 30 25 41,38 8 19 1 15 29,1
ema-0.95,evaluation,2026,244,46,38 29 8 31 13 18 19 41 1 10 15 11 28 49 36 39 4 45 30 25,38 29 8 31 13 18,1
ema-0.95,evaluation,2026,245,18,19 38 8 18 13 29 46 31 24 25 1 39 4 7 41 10 30 15 11 28,19 38 8 18 13 29,0
ema-0.95,evaluation,2026,246,30,19 18 8 29 38 31 25 24 39 40 3 4 7 41 15 10 1 44 28 30,19 18 8 29 38 31,1
ema-0.95,evaluation,2026,247,40,38 8 19 29 30 31 39 25 11 4 15 7 26 13 3 40 18 37 41 28,38 8 19 29 30 31,1
ema-0.95,evaluation,2026,248,20,19 38 25 8 26 1 41 14 10 40 39 36 6 31 15 24 47 37 11 18,19 38 25 8 26 1,1
ema-0.95,evaluation,2026,249,23,19 25 4 8 38 41 7 1 44 10 36 6 29 15 31 37 26 39 35 11,19 25 4 8 38 41,1
ema-0.95,evaluation,2026,250,14,7 19 25 39 4 8 38 1 47 44 6 15 10 14 23 49 37 31 11 35,7 19 25 39 4 8,1
ema-0.95,evaluation,2026,251,30,26 7 19 25 8 41 36 1 4 14 28 38 44 15 34 37 49 47 31 18,26 7 19 25 8 41,1
ema-0.95,evaluation,2026,252,22,41 7 1 26 19 37 47 36 8 4 25 21 49 44 15 38 39 28 34 27,41 7 1 26 19 37,1
ema-0.95,evaluation,2026,253,16,26 8 25 7 1 19 37 29 35 47 36 11 4 21 31 15 44 28 34 41,26 8 25 7 1 19,1
ema-0.95,evaluation,2026,254,2,26 8 25 7 19 1 37 41 21 29 47 31 36 4 16 11 24 34 48 15,26 8 25 7 19 1,1
ema-0.95,evaluation,2026,255,44,7 15 8 25 1 17 19 21 37 26 28 3 29 31 4 47 41 5 24 9,7 15 8 25 1 17,1
ema-0.95,evaluation,2026,256,1,1 26 44 8 15 25 17 21 7 37 19 3 28 35 23 14 31 38 29 4,1 26 44 8 15 25,0
ema-0.95,evaluation,2026,257,7,1 26 19 17 24 8 25 21 23 14 28 31 7 35 47 44 36 32 41 38,1 26 19 17 24 8,1
ema-0.95,evaluation,2026,258,46,7 1 3 19 26 17 9 4 25 24 21 15 37 16 40 29 14 23 32 28,7 1 3 19 26 17,1
ema-0.95,evaluation,2026,259,22,26 1 46 17 14 4 8 25 19 24 9 7 15 27 37 40 21 23 29 49,26 1 46 17 14 4,1
ema-0.95,evaluation,2026,260,20,26 23 1 21 17 14 29 3 25 22 4 24 41 8 9 38 46 27 37 40,26 23 1 21 17 14,1
ema-0.95,evaluation,2026,261,24,17 23 1 26 14 21 19 29 37 3 4 24 41 16 36 8 9 43 20 39,17 23 1 26 14 21,1
ema-0.95,evaluation,2026,262,30,26 17 24 1 14 23 9 21 32 19 37 4 3 41 16 8 29 36 38 25,26 17 24 1 14 23,1
ema-0.95,evaluation,2026,263,9,26 17 1 14 41 23 25 29 9 21 37 19 24 16 43 30 3 8 4 48,26 17 1 14 41 23,1
ema-0.95,evaluation,2026,264,21,26 9 17 1 14 23 41 16 25 29 21 38 15 7 19 42 8 49 43 48,26 9 17 1 14 23,1
ema-0.95,evaluation,2026,265,49,26 16 1 17 14 21 41 23 9 35 13 28 29 25 15 2 38 42 3 39,26 16 1 17 14 21,1
ema-0.95,evaluation,2026,266,8,16 1 26 14 17 49 39 41 10 9 31 32 15 6 29 24 35 25 28 13,16 1 26 14 17 49,1
ema-0.99,validation,2026,147,13,17 40 25 12 22 14 1 38 9 10 46 35 15 48 21 23 3 39 2 42,17 40 25 12 22 14,1
ema-0.99,validation,2026,148,48,17 25 12 20 14 22 38 1 9 24 5 40 19 15 48 21 7 3 35 23,17 25 12 20 14 22,1
ema-0.99,validation,2026,149,27,20 17 25 22 38 40 12 46 14 1 9 8 15 7 21 5 19 3 10 35,20 17 25 22 38 40,1
ema-0.99,validation,2026,150,9,1 17 24 25 38 22 12 40 46 14 9 8 15 20 7 21 3 19 35 5,1 17 24 25 38 22,1
ema-0.99,validation,2026,151,31,46 1 17 24 20 38 10 12 40 6 14 9 8 15 21 3 35 5 34 7,46 1 17 24 20 38,1
ema-0.99,validation,2026,152,45,17 46 8 1 24 25 34 38 12 10 22 40 2 14 6 3 5 7 21 35,17 46 8 1 24 25,1
ema-0.99,validation,2026,153,41,17 46 8 1 24 21 12 10 35 25 15 38 2 40 22 14 6 20 3 5,17 46 8 1 24 21,1
ema-0.99,validation,2026,154,41,46 17 2 8 24 21 34 10 12 35 25 1 32 26 14 22 15 3 20 7,46 17 2 8 24 21,1
ema-0.99,validation,2026,155,7,17 1 2 26 8 46 24 22 21 35 39 25 38 10 12 32 14 15 3 40,17 1 2 26 8 46,1
ema-0.99,validation,2026,156,1,17 1 25 2 32 26 8 24 22 46 35 18 10 12 36 5 34 39 38 15,17 1 25 2 32 26,0
ema-0.99,validation,2026,157,40,17 46 25 2 32 8 1 26 5 24 22 20 21 35 18 36 39 34 38 10,17 46 25 2 32 8,1
ema-0.99,validation,2026,158,16,46 18 2 32 8 26 5 24 22 17 20 35 6 40 12 21 36 25 39 1,46 18 2 32 8 26,1
ema-0.99,validation,2026,159,39,24 17 18 32 46 2 8 26 25 10 5 22 20 35 6 21 39 36 19 49,24 17 18 32 46 2,1
ema-0.99,validation,2026,160,2,24 18 32 2 8 26 5 22 25 35 10 6 20 39 36 45 17 21 49 38,24 18 32 2 8 26,0
ema-0.99,validation,2026,161,8,22 24 20 18 32 25 2 17 4 46 19 44 35 5 10 6 36 8 45 21,22 24 20 18 32 25,1
ema-0.99,validation,2026,162,32,20 22 24 18 32 8 29 25 26 17 4 15 44 35 5 10 6 2 45 49,20 22 24 18 32 8,0
ema-0.99,validation,2026,163,37,20 22 18 44 32 36 25 29 15 17 4 19 45 30 5 10 24 6 34 35,20 22 18 44 32 36,1
ema-0.99,validation,2026,164,21,20 22 18 24 6 44 25 29 15 36 45 17 4 19 30 38 5 32 1 35,20 22 18 24 6 44,1
ema-0.99,validation,2026,165,3,20 22 6 18 24 34 25 15 29 36 45 17 44 19 30 28 5 32 1 35,20 22 6 18 24 34,1
ema-0.99,validation,2026,166,6,20 30 22 46 6 18 24 34 25 15 29 36 44 45 19 17 28 4 38 32,20 30 22 46 6 18,0
ema-0.99,validation,2026,167,19,22 30 6 46 18 34 25 29 45 44 36 19 24 20 32 38 47 17 5 37,22 30 6 46 18 34,1
ema-0.99,validation,2026,168,15,25 22 30 17 20 46 18 31 10 34 29 26 45 44 36 19 15 38 24 6,25 22 30 17 20 46,1
ema-0.99,validation,2026,169,24,25 30 22 17 18 31 10 34 20 48 46 29 15 45 44 36 26 49 1 43,25 30 22 17 18 31,1
ema-0.99,validation,2026,170,3,17 25 46 20 18 28 31 12 10 34 4 29 48 24 26 43 49 22 45 1,17 25 46 20 18 28,1
ema-0.99,validation,2026,171,28,17 30 29 25 26 22 16 1 18 28 31 12 44 48 20 43 4 10 49 46,17 30 29 25 26 22,1
ema-0.99,validation,2026,172,44,17 30 29 20 25 26 16 22 28 34 18 36 1 12 46 44 4 10 49 45,17 30 29 20 25 26,1
ema-0.99,validation,2026,173,26,26 17 30 29 46 20 16 25 22 33 36 31 23 1 18 12 4 32 10 44,26 17 30 29 46 20,0
ema-0.99,validation,2026,174,41,26 17 30 33 29 46 25 20 10 22 23 31 36 1 12 7 18 4 16 34,26 17 30 33 29 46,1
ema-0.99,validation,2026,175,26,46 17 30 12 16 4 33 20 29 25 43 10 23 36 22 1 26 18 7 31,46 17 30 12 16 4,1
ema-0.99,validation,2026,176,10,46 17 1 12 4 16 20 49 10 33 23 43 22 11 36 47 26 2 30 31,46 17 1 12 4 16,1
ema-0.99,validation,2026,177,14,1 46 4 20 17 12 10 29 49 25 33 16 23 43 22 47 11 42 7 48,1 46 4 20 17 12,1
ema-0.99,validation,2026,178,18,4 46 23 20 17 1 11 12 7 49 33 16 43 25 36 29 47 22 30 42,4 46 23 20 17 1,1
ema-0.99,validation,2026,179,15,1 11 4 33 20 23 12 48 7 49 5 16 17 43 46 25 29 36 47 30,1 11 4 33 20 23,1
ema-0.99,validation,2026,180,21,1 33 17 46 4 23 22 11 12 20 48 40 7 30 49 5 16 25 43 24,1 33 17 46 4 23,1
ema-0.99,validation,2026,181,19,46 1 20 11 33 17 23 12 4 27 40 48 22 7 16 5 43 24 47 29,46 1 20 11 33 17,1
ema-0.99,validation,2026,182,41,46 1 40 20 11 33 23 24 12 38 4 48 22 7 49 27 42 16 5 30,46 1 40 20 11 33,1
ema-0.99,validation,2026,183,24,46 1 40 20 11 42 33 12 38 4 8 48 37 34 7 17 22 49 5 23,46 1 40 20 11 42,1
ema-0.99,validation,2026,184,1,40 46 20 11 1 24 45 16 33 12 4 48 8 7 38 22 39 34 42 17,40 46 20 11 1 24,0
ema-0.99,validation,2026,185,36,46 40 8 1 42 34 45 33 12 16 4 48 20 38 22 13 7 39 17 49,46 40 8 1 42 34,1
ema-0.99,validation,2026,186,23,7 46 40 8 20 11 28 42 34 45 33 16 4 25 48 38 22 1 29 17,7 46 40 8 20 11,1
ema-0.99,validation,2026,187,1,7 46 40 30 8 20 28 42 11 45 34 33 4 48 12 25 38 16 23 1,7 46 40 30 8 20,1
ema-0.99,validation,2026,188,16,40 7 1 46 30 8 20 28 42 33 34 45 5 4 48 11 2 16 49 25,40 7 1 46 30 8,1
ema-0.99,validation,2026,189,15,40 46 7 30 8 16 20 28 44 22 33 34 45 42 4 31 17 11 2 48,40 46 7 30 8 16,1
ema-0.99,validation,2026,190,16,40 46 7 31 30 8 11 39 28 33 44 42 34 22 26 2 4 1 48 16,40 46 7 31 30 8,1
ema-0.99,validation,2026,191,29,40 7 30 31 46 2 11 39 8 49 28 33 44 45 42 34 20 22 10 4,40 7 30 31 46 2,1
ema-0.99,validation,2026,192,25,40 7 30 46 8 31 2 11 34 6 49 28 33 17 44 48 45 20 22 29,40 7 30 46 8 31,1
ema-0.99,validation,2026,193,9,40 39 7 46 31 2 11 34 8 30 6 49 28 17 44 33 48 22 4 20,40 39 7 46 31 2,1
ema-0.99,validation,2026,194,26,46 40 30 8 39 31 7 34 9 42 6 28 37 17 44 2 22 11 20 48,46 40 30 8 39 31,1
ema-0.99,validation,2026,195,25,40 46 11 8 31 7 44 39 2 20 49 42 6 24 37 45 28 30 34 17,40 46 11 8 31 7,1
ema-0.99,validation,2026,196,39,30 40 11 31 7 8 44 34 20 46 42 6 2 28 24 37 21 49 45 3,30 40 11 31 7 8,1
ema-0.99,validation,2026,197,8,30 40 46 6 11 31 7 44 8 39 17 34 22 42 20 2 9 49 45 23,30 40 46 6 11 31,1
ema-0.99,validation,2026,198,7,22 46 6 31 8 40 17 7 34 11 30 23 42 38 20 2 44 24 49 45,22 46 6 31 8 40,1
ema-0.99,validation,2026,199,36,30 40 22 6 46 38 44 31 7 1 34 5 17 42 23 20 11 10 2 28,30 40 22 6 46 38,1
ema-0.99,validation,2026,200,39,38 6 46 20 30 40 31 22 1 44 34 12 23 11 37 2 10 24 15 7,38 6 46 20 30 40,1
ema-0.99,validation,2026,201,32,38 37 31 30 40 6 22 20 46 1 42 44 17 12 34 23 3 11 45 2,38 37 31 30 40 6,1
ema-0.99,validation,2026,202,40,37 6 30 22 20 1 40 44 17 24 29 43 38 42 23 5 11 3 31 34,37 6 30 22 20 1,1
ema-0.99,validation,2026,203,25,30 37 1 44 38 31 6 40 22 46 20 17 19 24 23 29 11 28 43 5,30 37 1 44 38 31,1
ema-0.99,validation,2026,204,5,30 1 45 38 29 2 22 37 46 20 6 49 17 44 9 11 24 23 19 43,30 1 45 38 29 2,1
ema-0.99,validation,2026,205,3,30 22 37 44 1 38 45 29 2 31 46 15 6 20 5 49 34 9 24 23,30 22 37 44 1 38,1
ema-0.99,validation,2026,206,47,22 37 46 30 1 9 26 23 44 38 45 2 19 29 31 6 15 20 34 49,22 37 46 30 1 9,1
ema-0.99,evaluation,2026,207,31,30 19 10 22 46 37 1 23 24 26 44 45 41 38 29 2 6 20 9 34,30 19 10 22 46 37,1
ema-0.99,evaluation,2026,208,19,30 19 37 22 10 46 24 1 45 41 38 29 44 20 14 31 6 23 2 4,30 19 37 22 10 46,0
ema-0.99,evaluation,2026,209,8,30 19 37 24 45 10 22 44 46 1 9 41 38 29 20 26 6 14 2 4,30 19 37 24 45 10,1
ema-0.99,evaluation,2026,210,49,30 45 37 24 38 19 48 10 46 1 23 15 49 41 42 29 9 20 22 2,30 45 37 24 38 19,1
ema-0.99,evaluation,2026,211,1,45 30 24 46 38 22 29 1 19 21 49 41 23 10 44 43 5 37 20 9,45 30 24 46 38 22,1
ema-0.99,evaluation,2026,212,6,46 19 45 30 24 38 22 29 1 42 48 10 41 43 21 44 15 23 20 5,46 19 45 30 24 38,1
ema-0.99,evaluation,2026,213,35,45 46 38 30 19 41 21 24 22 29 37 15 42 48 10 20 44 2 4 5,45 46 38 30 19 41,1
ema-0.99,evaluation,2026,214,4,45 19 46 24 38 30 41 37 21 44 29 43 48 10 20 27 11 4 31 42,45 19 46 24 38 30,1
ema-0.99,evaluation,2026,215,14,45 46 19 24 37 41 10 21 12 11 38 22 44 1 5 4 30 26 7 48,45 46 19 24 37 41,1
ema-0.99,evaluation,2026,216,37,45 46 24 12 37 10 21 29 41 17 19 11 28 44 30 22 5 26 48 38,45 46 24 12 37 10,0
ema-0.99,evaluation,2026,217,26,37 46 19 11 45 24 30 12 10 21 38 3 28 17 29 23 26 41 7 48,37 46 19 11 45 24,1
ema-0.99,evaluation,2026,218,17,45 46 24 19 44 26 41 37 10 21 23 3 28 31 17 1 38 29 40 9,45 46 24 19 44 26,1
ema-0.99,evaluation,2026,219,43,45 19 24 28 44 11 40 46 41 30 7 37 48 23 21 17 3 12 10 31,45 19 24 28 44 11,1
ema-0.99,evaluation,2026,220,48,44 46 45 23 21 24 19 28 40 48 11 30 3 10 37 15 5 26 12 9,44 46 45 23 21 24,1
ema-0.99,evaluation,2026,221,1,44 45 40 21 48 23 46 24 28 15 19 37 11 41 3 30 10 17 42 16,44 45 40 21 48 23,1
ema-0.99,evaluation,2026,222,26,37 45 40 44 21 23 15 19 12 28 3 11 24 10 30 41 29 17 42 1,37 45 40 44 21 23,1
ema-0.99,evaluation,2026,223,23,40 19 44 28 37 24 21 45 23 15 46 39 16 3 12 48 11 10 41 17,40 19 44 28 37 24,1
ema-0.99,evaluation,2026,224,9,15 9 40 19 37 28 24 12 23 5 16 45 39 46 21 3 22 10 44 48,15 9 40 19 37 28,0
ema-0.99,evaluation,2026,225,1,9 15 40 37 44 21 28 24 12 5 16 45 31 29 19 30 3 46 39 10,9 15 40 37 44 21,1
ema-0.99,evaluation,2026,226,17,15 40 37 30 44 28 21 24 12 11 5 45 16 13 19 1 9 29 3 31,15 40 37 30 44 28,1
ema-0.99,evaluation,2026,227,16,44 37 45 15 40 30 19 28 21 12 24 5 41 39 16 13 9 31 17 10,44 37 45 15 40 30,1
ema-0.99,evaluation,2026,228,23,30 12 11 44 37 15 45 40 21 42 16 28 19 5 41 39 9 32 38 35,30 12 11 44 37 15,1
ema-0.99,evaluation,2026,229,38,30 11 44 12 13 15 37 40 45 23 42 46 28 7 5 19 41 21 39 24,30 11 44 12 13 15,1
ema-0.99,evaluation,2026,230,16,30 44 12 37 41 40 31 15 46 22 28 45 19 39 38 21 42 11 5 24,30 44 12 37 41 40,1
ema-0.99,evaluation,2026,231,20,12 39 30 15 44 37 11 41 40 13 7 31 22 45 19 21 42 46 25 16,12 39 30 15 44 37,1
ema-0.99,evaluation,2026,232,42,12 30 15 44 39 28 37 41 40 24 48 22 7 45 31 32 42 21 19 46,12 30 15 44 39 28,1
ema-0.99,evaluation,2026,233,7,12 39 40 30 44 37 28 15 41 24 27 42 11 22 48 31 7 32 14 45,12 39 40 30 44 37,1
ema-0.99,evaluation,2026,234,39,39 12 44 40 30 28 15 37 21 24 27 22 46 48 43 32 7 41 25 11,39 12 44 40 30 28,0
ema-0.99,evaluation,2026,235,32,39 44 12 40 41 5 28 15 21 36 30 18 24 27 9 22 48 43 32 46,39 44 12 40 41 5,1
ema-0.99,evaluation,2026,236,11,19 40 12 25 30 41 37 38 15 5 39 44 36 27 32 28 24 18 22 48,19 40 12 25 30 41,1
ema-0.99,evaluation,2026,237,12,38 44 19 27 40 12 25 30 41 21 15 5 36 1 39 11 28 37 24 22,38 44 19 27 40 12,0
ema-0.99,evaluation,2026,238,17,38 31 19 12 27 44 24 29 30 40 21 15 1 39 5 28 37 22 43 13,38 31 19 12 27 44,1
ema-0.99,evaluation,2026,239,5,38 19 29 31 27 18 24 36 30 41 25 15 1 8 40 39 5 12 37 22,38 19 29 31 27 18,1
ema-0.99,evaluation,2026,240,27,38 19 29 31 15 8 27 13 18 24 30 44 36 40 25 1 41 12 5 33,38 19 29 31 15 8,1
ema-0.99,evaluation,2026,241,49,38 19 29 27 31 8 15 18 13 24 30 43 36 44 1 25 47 41 49 12,38 19 29 27 31 8,1
ema-0.99,evaluation,2026,242,9,38 19 8 13 31 1 15 28 11 18 29 24 39 46 30 49 36 23 44 25,38 19 8 13 31 1,1
ema-0.99,evaluation,2026,243,21,38 8 19 29 1 15 11 28 10 18 31 24 13 46 30 36 39 45 25 44,38 8 19 29 1 15,1
ema-0.99,evaluation,2026,244,46,38 29 8 31 19 18 13 11 10 41 1 28 15 30 49 36 4 39 25 40,38 29 8 31 19 18,1
ema-0.99,evaluation,2026,245,18,19 38 8 29 18 13 46 31 25 4 30 7 24 11 39 1 10 41 15 28,19 38 8 29 18 13,0
ema-0.99,evaluation,2026,246,30,19 18 8 29 38 31 4 25 7 24 39 10 44 40 15 30 41 28 11 1,19 18 8 29 38 31,1
ema-0.99,evaluation,2026,247,40,38 8 29 19 11 30 31 4 25 7 39 13 15 37 28 40 18 26 44 14,38 8 29 19 11 30,1
ema-0.99,evaluation,2026,248,20,38 19 25 8 26 41 14 10 1 31 39 11 40 15 36 37 47 6 28 7,38 19 25 8 26 41,1
ema-0.99,evaluation,2026,249,23,19 38 4 25 8 7 44 29 41 10 1 31 11 15 36 6 37 28 35 47,19 38 4 25 8 7,1
ema-0.99,evaluation,2026,250,14,19 7 38 25 4 8 47 44 39 14 10 1 15 11 6 37 31 35 23 49,19 7 38 25 4 8,1
ema-0.99,evaluation,2026,251,30,7 19 26 38 25 8 28 4 34 44 41 14 36 15 37 1 11 29 47 31,7 19 26 38 25 8,1
ema-0.99,evaluation,2026,252,22,7 19 41 37 26 1 38 47 29 34 4 44 28 21 8 36 49 25 15 27,7 19 41 37 26 1,1
ema-0.99,evaluation,2026,253,16,26 7 29 8 19 25 37 1 35 38 4 34 11 31 44 28 47 21 15 36,26 7 29 8 19 25,1
ema-0.99,evaluation,2026,254,2,26 7 19 8 25 29 37 21 41 34 4 31 1 11 47 17 44 38 24 36,26 7 19 8 25 29,1
ema-0.99,evaluation,2026,255,44,7 17 29 19 37 8 25 15 21 26 28 46 4 1 34 31 47 11 38 41,7 17 29 19 37 8,1
ema-0.99,evaluation,2026,256,1,26 1 17 44 29 7 38 8 37 19 25 15 21 4 35 31 46 28 14 23,26 1 17 44 29 7,0
ema-0.99,evaluation,2026,257,7,1 17 19 26 24 8 29 25 21 38 46 31 28 7 35 14 4 23 34 10,1 17 19 26 24 8,1
ema-0.99,evaluation,2026,258,46,17 19 26 7 29 3 4 1 24 9 37 21 25 38 46 15 14 28 35 40,17 19 26 7 29 3,1
ema-0.99,evaluation,2026,259,22,26 17 46 14 4 29 19 1 24 9 25 37 8 27 43 28 38 7 34 15,26 17 46 14 4 29,1
ema-0.99,evaluation,2026,260,20,26 29 17 23 14 38 4 21 41 24 1 22 9 25 3 46 37 19 8 27,26 29 17 23 14 38,1
ema-0.99,evaluation,2026,261,24,17 29 14 26 23 19 37 38 4 21 41 24 1 9 10 3 43 39 46 36,17 29 14 26 23 19,1
ema-0.99,evaluation,2026,262,30,17 26 14 9 24 37 19 29 23 38 4 41 21 1 8 10 3 34 27 25,17 26 14 9 24 37,1
ema-0.99,evaluation,2026,263,9,26 17 29 41 14 9 37 25 19 23 43 4 1 21 42 13 8 38 3 24,26 17 29 41 14 9,0
ema-0.99,evaluation,2026,264,21,17 26 9 29 14 38 41 19 25 37 23 1 21 42 43 15 35 13 4 8,17 26 9 29 14 38,1
ema-0.99,evaluation,2026,265,49,26 17 13 29 14 35 41 38 28 23 16 1 21 42 19 39 9 25 15 37,26 17 13 29 14 35,1
ema-0.99,evaluation,2026,266,8,17 26 14 39 29 13 41 6 35 10 38 16 28 1 42 19 31 15 37 25,17 26 14 39 29 13,1
window-100,validation,2026,147,13,44 40 49 8 12 14 39 17 25 23 42 3 7 1 38 21 28 46 10 48,44 40 49 8 12 14,1
window-100,validation,2026,148,48,7 44 49 8 12 14 39 17 24 25 3 1 23 38 21 28 48 9 46 15,7 44 49 8 12 14,1
window-100,validation,2026,149,27,7 44 38 49 46 12 48 14 39 17 20 25 3 8 1 40 21 22 9 15,7 44 38 49 46 12,1
window-100,validation,2026,150,9,7 1 38 48 41 49 24 46 14 39 17 25 12 3 8 40 21 9 22 15,7 1 38 48 41 49,1
window-100,validation,2026,151,31,46 7 1 38 48 41 49 24 14 42 9 39 17 12 3 8 40 21 10 34,46 7 1 38 48 41,1
window-100,validation,2026,152,45,46 17 7 8 1 48 34 38 49 24 39 12 3 14 21 2 10 40 9 5,46 17 7 8 1 48,1
window-100,validation,2026,153,41,46 17 7 8 21 48 38 49 24 45 39 12 3 14 35 2 10 41 9 40,46 17 7 8 21 48,1
window-100,validation,2026,154,41,46 7 17 8 21 2 48 49 24 26 39 3 41 32 12 14 35 10 34 45,46 7 17 8 21 2,1
window-100,validation,2026,155,7,26 7 17 8 21 2 48 24 49 39 3 41 12 14 32 35 22 10 38 45,26 7 17 8 21 2,0
window-100,validation,2026,156,1,7 48 26 17 8 49 2 41 32 24 9 45 39 43 3 12 35 25 14 5,7 48 26 17 8 49,1
window-100,validation,2026,157,40,7 48 17 26 8 5 2 49 41 32 24 1 39 9 43 45 30 35 25 14,7 48 17 26 8 5,1
window-100,validation,2026,158,16,7 48 8 26 5 2 49 41 32 24 18 39 9 45 14 35 30 33 40 29,7 48 8 26 5 2,1
window-100,validation,2026,159,39,7 24 8 26 2 5 49 41 32 18 39 9 17 45 14 35 30 10 29 22,7 24 8 26 2 5,1
window-100,validation,2026,160,2,7 39 24 45 8 30 26 2 5 49 32 41 18 9 48 14 35 22 10 33,7 39 24 45 8 30,1
window-100,validation,2026,161,8,2 7 24 45 5 39 49 41 22 48 32 18 19 44 9 25 35 33 14 30,2 7 24 45 5 39,1
window-100,validation,2026,162,32,7 41 2 24 8 45 5 39 49 22 48 32 30 18 15 27 26 44 9 25,7 41 2 24 8 45,1
window-100,validation,2026,163,37,32 2 44 39 5 45 49 8 22 48 18 15 7 27 30 9 41 25 35 14,32 2 44 39 5 45,1
window-100,validation,2026,164,21,2 32 44 5 45 49 22 48 24 38 18 6 15 27 30 37 9 25 1 35,2 32 44 5 45 49,1
window-100,validation,2026,165,3,32 44 5 45 21 49 22 48 24 6 15 27 30 39 18 9 25 1 35 14,32 44 5 45 21 49,1
window-100,validation,2026,166,6,32 21 44 5 45 22 48 24 6 15 37 18 27 39 40 25 35 14 30 20,32 21 44 5 45 22,1
window-100,validation,2026,167,19,46 25 22 18 34 24 30 38 19 10 36 17 44 47 26 20 29 45 7 42,46 25 22 18 34 24,1
window-100,validation,2026,168,15,25 46 20 17 10 22 18 24 34 1 30 26 44 15 31 38 36 45 29 4,25 46 20 17 10 22,1
window-100,validation,2026,169,24,25 46 20 17 1 10 22 48 18 34 30 44 31 26 45 36 29 43 7 23,25 46 20 17 1 10,1
window-100,validation,2026,170,3,46 25 20 17 1 18 10 48 4 12 34 31 28 26 29 45 43 5 7 24,46 25 20 17 1 18,1
window-100,validation,2026,171,28,25 17 1 30 22 26 44 18 29 48 16 12 31 46 20 28 10 4 45 43,25 17 1 30 22 26,1
window-100,validation,2026,172,44,20 25 1 17 22 26 30 46 34 18 29 44 16 48 36 12 10 4 45 8,20 25 1 17 22 26,1
window-100,validation,2026,173,26,46 20 26 17 25 1 22 30 29 33 18 36 31 32 16 48 4 10 23 12,46 20 26 17 25 1,0
window-100,validation,2026,174,41,46 20 17 25 22 1 30 10 33 7 34 8 4 29 18 31 48 12 23 26,46 20 17 25 22 1,1
window-100,validation,2026,175,26,46 20 17 1 25 4 22 30 10 7 33 40 16 12 38 18 48 23 29 36,46 20 17 1 25 4,1
window-100,validation,2026,176,10,46 20 1 17 4 10 22 8 34 40 12 16 33 11 48 38 23 18 45 36,46 20 1 17 4 10,0
window-100,validation,2026,177,14,46 1 20 17 7 25 4 40 8 16 29 22 33 34 48 45 21 42 11 30,46 1 20 17 7 25,1
window-100,validation,2026,178,18,46 20 17 1 7 30 4 40 8 16 25 11 22 33 38 34 23 48 45 36,46 20 17 1 7 30,1
window-100,validation,2026,179,15,1 20 46 7 40 30 11 4 16 25 48 5 33 8 17 21 34 38 19 15,1 20 46 7 40 30,1
window-100,validation,2026,180,21,46 1 17 40 20 30 7 22 8 24 16 48 25 33 5 4 21 38 19 42,46 1 17 40 20 30,1
window-100,validation,2026,181,19,46 1 20 17 40 7 11 22 8 24 16 33 38 5 25 48 34 6 4 30,46 1 20 17 40 7,1
window-100,validation,2026,182,41,46 1 40 20 30 7 24 11 22 38 8 16 33 37 31 48 49 25 5 23,46 1 40 20 30 7,1
window-100,validation,2026,183,24,46 1 40 20 30 17 7 8 11 34 22 38 16 37 44 42 48 31 5 6,46 1 40 20 30 17,1
window-100,validation,2026,184,1,40 1 46 20 17 45 7 30 11 8 24 22 16 34 38 39 6 44 48 31,40 1 46 20 17 45,0
window-100,validation,2026,185,36,46 40 8 17 45 34 22 42 30 1 7 38 48 20 39 37 23 16 3 6,46 40 8 17 45 34,1
window-100,validation,2026,186,23,46 40 20 7 8 11 17 25 45 34 22 42 38 44 26 48 28 16 39 29,46 40 20 7 8 11,1
window-100,validation,2026,187,1,35 27 49 13 14 12 43 9 33 36 41 23 47 45 30 16 4 18 37 31,35 27 49 13 14 12,1
window-100,validation,2026,188,16,35 49 13 43 33 47 9 5 27 14 41 1 29 45 4 16 2 30 31 37,35 49 13 43 33 47,1
window-100,validation,2026,189,15,27 35 16 13 49 43 12 47 33 9 36 31 41 29 4 42 45 2 30 11,27 35 16 13 49 43,1
window-100,validation,2026,190,16,27 35 13 49 9 33 47 16 14 31 39 5 36 4 41 29 42 11 2 6,27 35 13 49 9 33,1
window-100,validation,2026,191,29,27 35 13 43 49 47 2 9 33 12 31 16 39 4 5 42 11 45 30 34,27 35 13 43 49 47,1
window-100,validation,2026,192,25,27 35 13 49 47 2 33 9 48 31 12 29 5 42 14 4 17 34 11 30,27 35 13 49 47 2,1
window-100,validation,2026,193,9,35 13 49 47 43 9 2 33 39 42 31 48 5 12 4 17 14 34 27 11,35 13 49 47 43 9,0
window-100,validation,2026,194,26,13 47 35 33 42 27 9 4 31 48 39 43 34 32 7 8 17 6 5 49,13 47 35 33 42 27,1
window-100,validation,2026,195,25,13 47 49 35 33 42 2 27 31 43 48 39 32 7 11 6 17 8 9 16,13 47 49 35 33 42,1
window-100,validation,2026,196,39,13 35 47 49 33 42 2 27 31 48 43 32 7 34 11 18 6 17 8 12,13 35 47 49 33 42,1
window-100,validation,2026,197,8,35 13 47 49 33 42 6 2 31 27 48 17 5 4 43 9 32 7 18 39,35 13 47 49 33 42,1
window-100,validation,2026,198,7,35 13 47 27 49 33 42 6 2 31 17 12 5 43 32 7 4 9 8 18,35 13 47 27 49 33,1
window-100,validation,2026,199,36,13 47 49 27 33 5 42 6 2 31 17 32 7 43 9 4 35 14 18 11,13 47 49 27 33 5,1
window-100,validation,2026,200,39,13 35 47 33 27 6 43 31 32 2 12 18 36 9 4 14 20 28 11 34,13 35 47 33 27 6,1
window-100,validation,2026,201,32,13 47 27 33 6 49 42 31 14 2 12 17 3 18 4 9 20 48 11 28,13 47 27 33 6 49,1
window-100,validation,2026,202,40,13 47 32 27 33 43 6 35 2 42 49 14 12 3 17 18 20 4 9 34,13 47 32 27 33 43,1
window-100,validation,2026,203,25,27 33 43 6 35 2 42 31 14 49 12 3 13 32 8 18 17 28 37 4,27 33 43 6 35 2,1
window-100,validation,2026,204,5,13 47 27 2 49 33 6 43 35 42 14 4 8 32 18 34 17 20 28 22,13 47 27 2 49 33,1
window-100,validation,2026,205,3,13 27 47 2 49 33 6 4 34 43 35 14 42 3 22 8 20 18 32 28,13 27 47 2 49 33,1
window-100,validation,2026,206,47,13 27 47 4 2 49 33 6 34 43 14 42 35 22 32 3 8 20 18 9,13 27 47 4 2 49,0
window-100,evaluation,2026,207,31,19 20 46 22 23 38 1 34 24 10 6 29 33 18 15 4 14 2 27 42,19 20 46 22 23 38,1
window-100,evaluation,2026,208,19,19 46 20 22 38 1 24 34 10 29 18 15 33 30 6 8 4 14 2 27,19 46 20 22 38 1,0
window-100,evaluation,2026,209,8,20 33 22 1 24 18 34 8 19 6 2 4 27 46 14 16 15 29 41 38,20 33 22 1 24 18,1
window-100,evaluation,2026,210,49,20 33 34 18 42 38 4 6 27 2 46 24 36 10 45 43 29 17 1 8,20 33 34 18 42 38,1
window-100,evaluation,2026,211,1,20 33 34 18 46 38 4 6 27 2 43 10 29 24 36 45 1 22 30 32,20 33 34 18 46 38,1
window-100,evaluation,2026,212,6,20 46 34 33 18 4 6 27 2 43 29 10 36 24 32 45 22 19 30 1,20 46 34 33 18 4,1
window-100,evaluation,2026,213,35,46 20 34 45 38 33 18 4 29 10 22 2 24 36 42 30 35 21 28 17,46 20 34 45 38 33,1
window-100,evaluation,2026,214,4,46 20 34 45 38 33 18 4 2 24 29 10 11 36 30 21 42 25 28 17,46 20 34 45 38 33,1
window-100,evaluation,2026,215,14,20 46 34 33 18 2 10 45 11 24 4 36 42 17 47 21 14 28 6 25,20 46 34 33 18 2,1
window-100,evaluation,2026,216,37,20 46 34 33 18 2 10 45 17 24 36 4 28 42 47 12 21 6 25 22,20 46 34 33 18 2,1
window-100,evaluation,2026,217,26,20 46 34 33 2 10 17 47 24 28 4 42 22 12 11 21 3 6 25 23,20 46 34 33 2 10,1
window-100,evaluation,2026,218,17,20 46 33 2 10 17 47 24 28 4 23 22 21 3 6 25 18 40 38 9,20 46 33 2 10 17,0
window-100,evaluation,2026,219,43,20 33 10 28 4 24 6 17 35 3 25 34 18 21 22 40 49 48 9 36,20 33 10 28 4 24,1
window-100,evaluation,2026,220,48,20 33 10 28 4 24 6 21 35 3 25 34 14 18 17 40 5 49 48 9,20 33 10 28 4 24,1
window-100,evaluation,2026,221,1,20 33 10 28 6 24 21 40 17 35 3 34 49 14 48 18 42 2 47 46,20 33 10 28 6 24,1
window-100,evaluation,2026,222,26,20 33 10 6 21 40 17 34 3 35 49 42 2 47 5 36 9 44 15 23,20 33 10 6 21 40,1
window-100,evaluation,2026,223,23,20 33 6 10 21 40 34 17 3 35 42 16 2 36 5 9 44 32 23 11,20 33 6 10 21 40,1
window-100,evaluation,2026,224,9,20 33 6 10 35 34 40 9 5 17 3 22 2 15 42 16 36 11 45 32,20 33 6 10 35 34,1
window-100,evaluation,2026,225,1,20 33 6 10 34 35 22 2 42 17 4 5 11 40 3 15 46 16 32 45,20 33 6 10 34 35,1
window-100,evaluation,2026,226,17,20 33 6 35 22 2 11 4 42 17 5 40 46 3 15 13 28 32 16 45,20 33 6 35 22 2,1
window-100,evaluation,2026,227,16,40 37 45 5 35 20 15 32 3 44 30 6 28 31 12 39 13 22 16 42,40 37 45 5 35 20,1
window-100,evaluation,2026,228,23,40 30 37 45 12 5 35 42 20 15 11 32 3 44 6 28 39 22 21 34,40 30 37 45 12 5,1
window-100,evaluation,2026,229,38,40 30 37 5 12 45 20 35 15 11 42 46 32 3 44 2 28 39 22 13,40 30 37 5 12 45,1
window-100,evaluation,2026,230,16,40 30 37 22 12 5 45 20 35 46 42 32 3 44 2 31 41 28 39 43,40 30 37 22 12 5,1
window-100,evaluation,2026,231,20,12 40 30 37 22 39 45 20 5 35 42 46 32 3 44 2 31 41 11 34,12 40 30 37 22 39,1
window-100,evaluation,2026,232,42,12 40 37 30 22 45 48 5 35 44 42 3 31 32 41 2 28 15 43 24,12 40 37 30 22 45,1
window-100,evaluation,2026,233,7,12 37 30 40 22 5 44 45 48 31 3 35 28 39 41 32 27 2 19 24,12 37 30 40 22 5,1
window-100,evaluation,2026,234,39,12 30 40 37 44 22 43 45 48 21 35 28 31 39 3 32 27 2 24 19,12 30 40 37 44 22,1
window-100,evaluation,2026,235,32,12 40 44 22 9 43 45 48 21 28 35 36 31 3 32 27 2 15 24 46,12 40 44 22 9 43,1
window-100,evaluation,2026,236,11,12 40 19 1 22 43 9 37 30 45 48 31 36 28 3 2 38 46 15 34,12 40 19 1 22 43,1
window-100,evaluation,2026,237,12,1 12 19 40 38 22 43 30 48 45 37 31 44 36 27 28 2 46 34 3,1 12 19 40 38 22,0
window-100,evaluation,2026,238,17,1 43 48 31 19 40 24 3 12 37 22 45 9 2 15 38 44 27 8 32,1 43 48 31 19 40,1
window-100,evaluation,2026,239,5,1 43 48 31 38 24 8 40 19 3 37 29 22 45 9 2 12 15 18 27,1 43 48 31 38 24,1
window-100,evaluation,2026,240,27,1 38 48 31 15 40 24 19 3 37 16 29 23 8 45 9 33 2 12 13,1 38 48 31 15 40,1
window-100,evaluation,2026,241,49,1 38 16 31 48 15 24 19 40 3 29 23 8 43 9 45 33 12 18 13,1 38 16 31 48 15,1
window-100,evaluation,2026,242,9,1 38 16 23 8 31 48 15 13 24 19 40 3 43 9 11 39 33 18 6,1 38 16 23 8 31,1
window-100,evaluation,2026,243,21,1 38 16 23 8 48 20 15 24 40 10 3 19 43 11 33 18 39 12 9,1 38 16 23 8 48,1
window-100,evaluation,2026,244,46,38 1 16 23 8 18 48 20 15 40 10 3 19 4 43 11 33 31 49 39,38 1 16 23 8 18,1
window-100,evaluation,2026,245,18,1 38 16 39 19 23 8 18 48 20 15 10 30 7 37 11 25 4 43 49,1 38 16 39 19 23,1
window-100,evaluation,2026,246,30,1 16 39 19 8 48 20 26 15 18 7 10 37 30 32 25 11 38 4 31,1 16 39 19 8 48,1
window-100,evaluation,2026,247,40,32 18 5 49 33 9 2 43 48 21 35 16 6 27 36 42 20 47 17 3,32 18 5 49 33 9,1
window-100,evaluation,2026,248,20,18 32 5 49 20 33 48 2 21 35 6 16 27 30 42 36 17 47 43 22,18 32 5 49 20 33,0
window-100,evaluation,2026,249,23,32 18 5 20 48 16 33 6 2 36 21 35 40 9 30 49 42 47 3 45,32 18 5 20 48 16,1
window-100,evaluation,2026,250,14,20 32 18 48 49 16 33 5 6 2 30 21 35 27 9 40 45 42 47 43,20 32 18 48 49 16,1
window-100,evaluation,2026,251,30,20 32 18 48 49 16 33 5 2 30 9 21 35 36 23 40 45 42 43 3,20 32 18 48 49 16,1
window-100,evaluation,2026,252,22,20 32 18 48 16 33 5 2 14 49 30 35 21 42 36 40 23 27 43 3,20 32 18 48 16 33,1
window-100,evaluation,2026,253,16,20 32 18 16 30 5 2 14 36 49 35 21 42 40 47 22 27 23 45 48,20 32 18 16 30 5,0
window-100,evaluation,2026,254,2,20 18 32 33 48 22 2 30 36 16 6 45 14 47 42 27 40 43 4 34,20 18 32 33 48 22,1
window-100,evaluation,2026,255,44,20 18 32 2 33 22 48 30 36 5 14 42 45 16 47 49 27 43 40 34,20 18 32 2 33 22,1
window-100,evaluation,2026,256,1,20 2 32 33 16 48 18 30 42 5 45 14 40 49 35 44 27 34 43 4,20 2 32 33 16 48,1
window-100,evaluation,2026,257,7,20 2 32 16 33 48 18 44 22 47 36 42 5 45 14 30 49 35 27 34,20 2 32 16 33 48,1
window-100,evaluation,2026,258,46,20 2 32 33 16 48 18 44 22 42 36 5 31 14 30 43 49 35 34 6,20 2 32 33 16 48,1
window-100,evaluation,2026,259,22,2 16 32 33 48 20 18 44 22 42 36 43 47 31 45 30 14 34 6 49,2 16 32 33 48 20,1
window-100,evaluation,2026,260,20,2 16 20 32 48 18 44 42 33 22 31 5 47 45 4 34 14 6 35 7,2 16 20 32 48 18,0
window-100,evaluation,2026,261,24,2 22 16 20 33 30 7 43 18 45 46 44 35 47 36 5 48 42 4 31,2 22 16 20 33 30,1
window-100,evaluation,2026,262,30,2 20 22 16 44 33 48 32 18 7 24 36 42 35 34 45 5 4 31 49,2 20 22 16 44 33,1
window-100,evaluation,2026,263,9,2 20 16 24 44 32 48 46 18 42 33 35 43 34 30 45 22 5 4 31,2 20 16 24 44 32,1
window-100,evaluation,2026,264,21,20 2 33 32 22 7 30 48 18 46 24 42 36 47 34 44 43 45 16 4,20 2 33 32 22 7,1
window-100,evaluation,2026,265,49,20 33 2 32 44 48 7 30 21 46 18 42 36 24 4 47 34 9 43 45,20 33 2 32 44 48,1
window-100,evaluation,2026,266,8,20 33 2 21 24 32 48 22 49 7 30 18 42 3 9 31 4 47 34 45,20 33 2 21 24 32,1
temporal-consensus,validation,2026,147,13,40 17 25 12 1 46 38 48 14 7 23 22 21 10 39 15 42 8 44 35,40 17 25 12 1 38,1
temporal-consensus,validation,2026,148,48,17 25 7 1 24 12 20 46 38 14 5 22 48 40 23 21 8 15 44 39,17 7 24 25 1 12,1
temporal-consensus,validation,2026,149,27,20 17 46 25 7 38 22 40 12 1 48 8 24 14 5 21 15 44 10 9,46 17 7 38 20 25,1
temporal-consensus,validation,2026,150,9,1 24 17 7 25 46 38 48 22 40 12 5 14 8 20 21 23 15 9 39,1 24 46 7 17 38,1
temporal-consensus,validation,2026,151,31,46 1 24 17 38 7 20 10 40 12 9 5 14 8 6 48 25 21 15 45,46 1 24 38 17 7,1
temporal-consensus,validation,2026,152,45,17 46 1 24 8 25 34 7 10 38 40 12 5 2 22 14 21 48 6 44,17 46 1 8 24 34,1
temporal-consensus,validation,2026,153,41,17 46 8 24 21 1 7 10 25 45 15 12 2 38 20 40 5 35 22 14,17 46 8 24 21 2,1
temporal-consensus,validation,2026,154,41,46 17 24 8 2 26 21 7 25 32 34 10 1 12 20 35 5 22 15 41,46 17 8 2 24 26,1
temporal-consensus,validation,2026,155,7,26 17 24 8 2 46 1 21 7 22 32 25 38 10 35 20 39 40 33 15,26 17 24 8 2 21,1
temporal-consensus,validation,2026,156,1,26 17 24 25 8 32 2 1 7 22 46 5 18 10 35 34 33 36 20 12,26 17 8 32 24 2,1
temporal-consensus,validation,2026,157,40,17 26 32 8 2 1 25 24 5 46 20 22 21 35 18 38 49 36 39 33,17 26 2 32 8 24,1
temporal-consensus,validation,2026,158,16,26 32 18 2 8 24 5 46 40 20 22 21 35 17 1 38 36 25 33 39,26 2 32 24 18 8,1
temporal-consensus,validation,2026,159,39,24 26 32 18 17 8 2 5 46 10 22 25 35 20 36 21 39 49 38 6,24 26 32 18 2 17,1
temporal-consensus,validation,2026,160,2,24 26 32 18 8 2 5 22 45 25 10 39 35 20 30 36 21 6 38 44,24 26 2 8 32 5,0
temporal-consensus,validation,2026,161,8,24 22 32 2 18 25 44 19 20 45 5 17 10 35 4 26 46 8 36 48,24 22 2 32 18 19,1
temporal-consensus,validation,2026,162,32,24 8 22 18 32 20 26 44 15 25 45 2 5 29 35 10 17 4 30 49,24 8 22 32 18 15,0
temporal-consensus,validation,2026,163,37,44 32 22 18 20 24 30 25 45 36 5 8 15 2 29 17 4 19 1 10,44 32 22 18 30 45,1
temporal-consensus,validation,2026,164,21,44 22 24 18 20 32 1 30 25 45 6 36 5 15 2 17 38 29 4 19,44 22 24 18 30 45,1
temporal-consensus,validation,2026,165,3,24 22 18 20 44 1 32 25 45 30 6 34 15 36 5 17 29 21 19 26,22 24 44 30 18 45,1
temporal-consensus,validation,2026,166,6,24 22 20 30 44 18 32 6 25 34 15 45 46 36 29 21 5 4 17 19,22 24 18 44 6 25,0
temporal-consensus,validation,2026,167,19,46 22 30 34 25 18 24 20 44 19 36 29 6 26 38 47 32 45 10 31,46 22 34 30 25 18,1
temporal-consensus,validation,2026,168,15,46 25 20 22 10 17 30 31 34 1 18 26 44 24 29 4 15 28 36 45,46 25 20 22 10 34,1
temporal-consensus,validation,2026,169,24,25 46 1 20 17 10 31 30 34 18 22 48 26 44 15 29 36 45 4 43,25 46 1 20 10 17,1
temporal-consensus,validation,2026,170,3,46 20 17 25 4 31 1 18 28 10 12 24 34 26 29 48 43 11 22 33,46 20 17 25 4 1,1
temporal-consensus,validation,2026,171,28,30 1 17 25 26 22 29 20 46 31 44 16 18 28 12 4 43 48 11 10,1 30 17 25 26 22,1
temporal-consensus,validation,2026,172,44,20 1 46 25 26 30 17 22 29 34 28 18 16 44 12 36 4 31 33 10,20 1 26 30 46 25,1
temporal-consensus,validation,2026,173,26,46 20 26 1 30 25 31 17 29 33 22 16 23 36 18 4 32 24 12 44,46 20 26 1 30 29,0
temporal-consensus,validation,2026,174,41,46 20 1 30 33 17 26 31 22 25 29 10 7 8 4 34 23 16 37 12,46 20 30 1 33 17,1
temporal-consensus,validation,2026,175,26,46 20 1 4 16 17 30 33 40 12 25 23 22 7 31 10 29 37 43 19,46 20 1 4 30 17,1
temporal-consensus,validation,2026,176,10,46 1 20 4 17 16 40 12 11 33 8 23 10 34 22 31 30 25 29 26,46 1 20 4 17 12,1
temporal-consensus,validation,2026,177,14,46 1 20 4 17 29 25 16 7 40 33 12 8 10 11 28 42 23 34 21,46 1 20 4 17 16,1
temporal-consensus,validation,2026,178,18,46 1 20 4 7 17 11 30 23 16 40 33 25 12 8 42 31 36 28 34,46 1 20 4 7 16,1
temporal-consensus,validation,2026,179,15,1 46 20 11 7 40 4 33 16 30 17 5 23 25 12 21 48 42 15 36,1 46 20 11 7 4,1
temporal-consensus,validation,2026,180,21,1 46 40 17 20 7 22 30 33 11 16 8 4 24 23 12 25 5 44 48,1 46 40 17 22 7,1
temporal-consensus,validation,2026,181,19,46 1 20 11 40 17 7 33 16 8 22 23 24 12 34 4 6 38 30 3,46 1 20 40 11 17,1
temporal-consensus,validation,2026,182,41,46 1 40 20 11 24 30 7 38 33 31 16 37 23 8 22 12 49 42 3,46 1 40 20 24 11,1
temporal-consensus,validation,2026,183,24,46 40 1 11 20 8 34 37 7 30 17 42 38 24 31 33 28 22 16 12,46 40 1 8 11 20,1
temporal-consensus,validation,2026,184,1,46 40 1 24 11 20 45 8 16 7 34 17 39 30 31 38 42 12 22 6,40 46 1 11 45 20,0
temporal-consensus,validation,2026,185,36,46 40 8 1 34 42 45 37 39 3 20 17 23 7 11 30 16 28 38 22,46 40 8 34 42 1,1
temporal-consensus,validation,2026,186,23,46 40 7 11 20 8 34 42 28 45 25 1 39 17 16 3 30 37 23 38,46 40 7 11 20 8,1
temporal-consensus,validation,2026,187,1,30 12 7 23 11 8 42 45 20 33 28 40 46 49 34 31 39 16 37 41,23 12 30 45 33 31,1
temporal-consensus,validation,2026,188,16,1 30 5 7 40 33 42 11 45 2 28 29 20 8 34 49 46 4 16 39,1 5 45 2 30 33,1
temporal-consensus,validation,2026,189,15,16 30 7 40 31 42 46 28 11 22 27 8 33 20 2 34 44 12 45 17,16 31 42 30 2 11,1
temporal-consensus,validation,2026,190,16,31 30 39 11 7 40 33 42 5 6 46 8 2 1 22 44 27 28 34 16,31 39 42 11 5 2,1
temporal-consensus,validation,2026,191,29,2 31 30 11 39 7 40 49 45 42 33 28 46 20 10 44 8 34 6 27,2 31 39 11 45 30,1
temporal-consensus,validation,2026,192,25,2 31 30 29 11 7 8 6 34 40 49 46 33 17 45 48 28 44 27 10,2 31 29 34 11 30,1
temporal-consensus,validation,2026,193,9,39 31 2 11 7 40 34 6 49 30 46 8 17 9 28 44 48 10 33 22,39 2 31 34 17 11,1
temporal-consensus,validation,2026,194,26,39 9 8 31 30 34 7 40 6 42 37 46 2 28 17 27 44 11 48 49,9 31 39 34 7 8,1
temporal-consensus,validation,2026,195,25,11 39 2 8 49 31 40 44 42 46 7 6 37 20 28 24 45 9 30 27,2 31 39 49 11 7,1
temporal-consensus,validation,2026,196,39,11 34 31 8 30 40 2 21 7 6 44 49 42 37 20 24 46 28 45 27,31 34 11 7 6 2,1
temporal-consensus,validation,2026,197,8,6 39 11 31 30 34 8 2 40 9 17 42 46 44 7 49 22 5 23 21,6 31 17 9 2 7,1
temporal-consensus,validation,2026,198,7,6 31 8 22 9 34 17 2 42 23 46 11 37 27 30 49 24 5 7 40,6 31 17 9 8 2,1
temporal-consensus,validation,2026,199,36,6 31 22 44 5 7 40 30 9 38 42 28 34 2 49 17 1 23 46 27,6 31 7 9 5 42,1
temporal-consensus,validation,2026,200,39,6 31 22 20 44 12 30 9 28 38 37 36 40 34 2 1 46 27 23 11,6 31 20 12 28 9,1
temporal-consensus,validation,2026,201,32,6 31 42 38 37 17 22 12 30 44 9 49 1 28 2 40 3 20 14 23,31 42 6 17 12 28,1
temporal-consensus,validation,2026,202,40,6 37 43 22 17 5 30 44 42 32 29 16 1 12 9 24 2 20 15 23,6 17 43 42 5 12,1
temporal-consensus,validation,2026,203,25,31 6 37 44 43 30 28 1 22 38 27 17 12 2 16 9 29 5 40 19,31 6 28 37 43 17,1
temporal-consensus,validation,2026,204,5,2 49 30 29 9 1 22 6 38 45 28 43 27 37 13 17 5 16 15 23,2 49 28 22 43 17,1
temporal-consensus,validation,2026,205,3,22 2 37 30 49 44 29 6 31 45 1 9 5 27 43 38 15 41 3 34,2 22 49 6 43 41,1
temporal-consensus,validation,2026,206,47,22 9 2 37 26 49 44 1 6 23 30 4 3 31 27 45 29 43 38 41,22 2 3 9 49 6,1
temporal-consensus,evaluation,2026,207,31,19 1 10 30 24 46 22 23 26 29 45 38 41 44 37 15 6 2 20 4,19 1 24 10 22 23,1
temporal-consensus,evaluation,2026,208,19,19 30 10 24 22 46 1 37 29 45 41 15 38 14 31 6 23 4 48 20,19 24 22 10 1 29,0
temporal-consensus,evaluation,2026,209,8,24 22 30 19 41 14 6 10 37 1 4 27 2 29 20 18 34 44 8 45,24 22 41 14 19 10,1
temporal-consensus,evaluation,2026,210,49,24 45 30 38 42 48 49 4 41 10 37 27 2 34 20 6 18 29 1 15,24 10 45 42 38 41,1
temporal-consensus,evaluation,2026,211,1,45 24 46 29 38 30 22 43 4 41 1 2 14 49 27 10 20 34 6 18,38 46 29 24 45 1,0
temporal-consensus,evaluation,2026,212,6,46 45 19 24 29 30 22 43 42 4 41 20 27 2 10 38 14 1 48 18,46 29 24 45 22 19,1
temporal-consensus,evaluation,2026,213,35,45 46 38 30 29 24 22 21 41 42 4 10 20 2 14 15 48 18 34 19,45 46 38 29 22 24,1
temporal-consensus,evaluation,2026,214,4,45 38 46 24 30 29 21 19 43 4 41 20 27 10 44 37 14 2 18 48,45 38 46 24 29 30,1
temporal-consensus,evaluation,2026,215,14,45 46 24 10 41 21 4 11 19 12 22 14 37 2 18 44 42 5 48 20,46 45 10 24 4 21,1
temporal-consensus,evaluation,2026,216,37,46 45 24 10 12 17 21 41 28 29 2 22 37 14 43 20 34 44 11 26,46 45 10 24 17 28,1
temporal-consensus,evaluation,2026,217,26,46 24 11 10 12 3 21 28 17 37 30 29 45 2 19 49 20 38 34 42,46 24 10 12 28 11,1
temporal-consensus,evaluation,2026,218,17,46 24 10 45 3 21 28 23 26 17 2 29 41 44 31 9 19 20 49 18,46 24 10 21 3 23,1
temporal-consensus,evaluation,2026,219,43,28 24 3 10 45 48 21 17 40 41 7 35 19 11 44 49 31 34 29 9,28 24 3 21 40 17,1
temporal-consensus,evaluation,2026,220,48,21 28 24 10 3 45 46 48 44 23 40 35 5 2 49 19 11 9 34 18,28 21 24 3 10 40,1
temporal-consensus,evaluation,2026,221,1,21 48 28 40 24 45 3 44 10 46 49 23 15 17 42 16 37 19 35 2,21 28 40 24 3 48,1
temporal-consensus,evaluation,2026,222,26,21 40 3 45 10 44 49 37 23 15 42 17 5 2 11 19 35 29 9 28,21 40 3 49 10 44,1
temporal-consensus,evaluation,2026,223,23,21 40 28 16 44 10 3 19 45 23 37 24 15 42 17 39 5 46 2 11,21 40 16 3 44 10,1
temporal-consensus,evaluation,2026,224,9,9 40 15 5 28 16 23 37 19 3 35 10 45 24 12 22 17 39 42 49,40 9 5 15 3 16,0
temporal-consensus,evaluation,2026,225,1,15 40 9 5 21 28 12 45 16 37 35 24 44 3 10 31 29 46 17 22,5 40 15 16 45 3,1
temporal-consensus,evaluation,2026,226,17,40 15 28 11 5 30 21 13 37 35 12 24 45 16 3 44 9 17 42 22,5 40 11 15 13 28,1
temporal-consensus,evaluation,2026,227,16,45 37 40 44 15 30 5 28 12 21 39 19 35 32 13 16 24 31 10 3,45 37 40 15 44 30,1
temporal-consensus,evaluation,2026,228,23,30 12 37 11 45 40 44 15 42 5 21 28 39 35 32 19 16 41 9 3,30 12 37 45 40 15,1
temporal-consensus,evaluation,2026,229,38,30 12 11 37 40 15 13 44 45 5 42 46 28 39 32 21 23 35 19 41,30 12 37 40 15 11,1
temporal-consensus,evaluation,2026,230,16,30 12 37 40 44 22 31 41 45 46 28 42 5 39 32 21 15 19 43 2,30 12 37 40 22 45,1
temporal-consensus,evaluation,2026,231,20,12 39 30 37 40 44 15 22 11 41 45 31 13 42 46 25 7 5 21 2,12 30 39 37 40 22,1
temporal-consensus,evaluation,2026,232,42,12 30 37 40 44 15 28 48 22 41 45 31 39 24 32 42 5 2 21 7,12 30 37 40 44 48,1
temporal-consensus,evaluation,2026,233,7,12 40 30 39 44 37 28 41 22 48 15 27 31 24 32 45 42 11 14 5,12 40 30 44 37 28,1
temporal-consensus,evaluation,2026,234,39,12 44 40 30 39 28 37 21 22 43 48 27 15 32 24 46 45 31 14 11,12 40 44 30 21 37,1
temporal-consensus,evaluation,2026,235,32,12 44 40 28 21 36 22 5 39 41 43 15 48 9 27 18 32 45 30 24,12 44 40 28 21 36,1
temporal-consensus,evaluation,2026,236,11,19 40 12 30 37 25 36 15 41 5 22 43 28 38 48 9 34 44 45 32,19 40 12 37 30 36,1
temporal-consensus,evaluation,2026,237,12,19 38 12 44 27 40 30 1 25 36 37 21 22 41 5 43 15 28 48 45,19 38 12 40 30 44,0
temporal-consensus,evaluation,2026,238,17,31 19 24 12 1 27 44 38 40 43 15 21 9 37 48 5 30 22 29 39,31 19 24 12 1 40,1
temporal-consensus,evaluation,2026,239,5,38 31 19 24 29 1 27 8 18 43 36 15 40 30 41 37 5 25 9 22,31 38 24 19 29 1,1
temporal-consensus,evaluation,2026,240,27,38 15 19 31 29 8 24 1 27 18 13 36 40 37 33 41 30 44 5 9,38 15 31 19 24 29,1
temporal-consensus,evaluation,2026,241,49,38 19 15 31 1 8 24 29 27 16 43 18 36 13 41 40 3 9 33 25,38 31 15 19 24 1,1
temporal-consensus,evaluation,2026,242,9,38 1 8 19 31 15 13 23 24 16 39 28 43 11 18 36 49 3 40 9,38 8 1 31 15 19,1
temporal-consensus,evaluation,2026,243,21,1 38 8 15 19 24 10 39 16 28 11 23 36 18 9 45 31 40 3 43,1 38 8 15 24 19,1
temporal-consensus,evaluation,2026,244,46,38 8 1 18 19 31 15 29 10 13 16 41 39 28 49 23 36 11 40 3,38 8 1 18 15 19,1
temporal-consensus,evaluation,2026,245,18,19 8 38 1 39 18 25 31 13 15 24 7 16 10 4 29 30 46 41 28,19 8 38 1 39 18,0
temporal-consensus,evaluation,2026,246,30,19 8 39 18 1 15 31 25 38 7 40 24 16 3 10 29 4 41 30 32,19 8 39 18 15 25,1
temporal-consensus,evaluation,2026,247,40,8 30 3 18 39 25 38 15 26 19 31 49 16 4 41 40 32 13 7 11,3 18 30 41 13 4,1
temporal-consensus,evaluation,2026,248,20,6 36 18 25 41 40 10 14 8 26 16 1 19 39 49 32 20 47 24 15,6 36 18 10 14 47,1
temporal-consensus,evaluation,2026,249,23,6 25 41 8 36 16 15 4 20 18 3 10 1 19 32 35 7 40 31 21,6 36 10 15 3 41,1
temporal-consensus,evaluation,2026,250,14,6 25 39 49 8 7 47 4 16 15 23 1 18 19 10 3 32 35 5 14,6 49 47 10 23 3,1
temporal-consensus,evaluation,2026,251,30,36 25 41 8 16 49 14 26 4 18 7 15 1 19 32 3 35 5 6 28,36 49 14 4 18 25,1
temporal-consensus,evaluation,2026,252,22,41 36 49 21 16 47 7 15 26 1 4 18 37 5 39 19 32 35 27 8,49 36 21 15 47 27,1
temporal-consensus,evaluation,2026,253,16,36 32 25 35 8 47 16 21 26 7 1 15 49 4 19 37 5 31 18 44,36 35 47 21 15 49,1
temporal-consensus,evaluation,2026,254,2,16 25 36 8 32 48 47 41 21 26 1 4 7 31 37 19 24 44 34 6,36 16 47 48 4 32,1
temporal-consensus,evaluation,2026,255,44,15 25 32 8 5 3 21 36 28 7 2 1 47 41 48 31 4 19 37 33,5 36 47 41 32 3,1
temporal-consensus,evaluation,2026,256,1,44 16 32 15 21 25 8 1 3 14 35 26 5 28 2 23 37 31 17 48,44 35 14 16 31 32,1
temporal-consensus,evaluation,2026,257,7,32 44 16 14 1 2 21 23 36 25 47 26 5 24 8 17 18 35 48 19,14 44 36 32 47 5,1
temporal-consensus,evaluation,2026,258,46,16 32 3 7 1 14 40 25 44 4 2 21 23 9 26 17 36 15 5 24,16 14 32 4 40 3,1
temporal-consensus,evaluation,2026,259,22,14 16 1 32 7 25 46 2 8 26 4 44 27 40 17 49 43 9 15 24,14 49 7 27 32 16,1
temporal-consensus,evaluation,2026,260,20,22 14 16 1 32 21 3 2 23 4 25 26 7 44 20 46 41 17 40 5,22 14 32 3 4 7,1
temporal-consensus,evaluation,2026,261,24,16 20 1 36 7 3 23 21 46 14 43 17 22 4 26 30 32 37 19 8,16 36 20 46 1 4,1
temporal-consensus,evaluation,2026,262,30,24 32 16 1 20 36 26 7 21 3 14 4 44 23 17 8 9 22 40 48,32 24 16 36 4 40,1
temporal-consensus,evaluation,2026,263,9,16 24 1 30 32 48 20 41 43 26 25 14 23 17 42 21 3 4 44 9,24 16 30 43 48 32,1
temporal-consensus,evaluation,2026,264,21,16 7 1 9 32 41 20 24 48 42 14 23 26 25 17 21 22 4 18 30,7 16 48 42 24 4,1
temporal-consensus,evaluation,2026,265,49,21 16 2 9 1 20 32 42 41 14 7 48 26 4 35 17 44 23 28 18,21 2 9 42 4 16,1
temporal-consensus,evaluation,2026,266,8,49 32 16 1 9 24 2 20 41 31 14 21 10 42 17 48 26 4 39 7,49 32 9 24 31 42,1
